idLocalidad,idMunicipio,idRegion,idStatus,Latitud,Longitud,Refugio,Ubicacion
"20.070,00","66,00","9,00",3,"15,43","-92,89",Esc. Prim.Venustiano Carranza,1a. Norte esq. 1ra oriente
"20.070,00","66,00","9,00",3,"15,44","-92,89",Casa Ejidal,AV. FRANCISCO SARAVIA S/N
"20.070,00","66,00","9,00",3,"15,43","-92,89",Esc.Sec. Emiliano Zapata,Calle Central Poniente entre 6a y 10a norte
"8.006,00","66,00","9,00",2,"15,43","-92,89",IGLESIA BAUTISTA PRINCIPE DE PAZ,1ra NORTE BARRIO LOS LAURELES
"20.070,00","66,00","9,00",3,"15,44","-92,89",DIF. MUNICIPAL,CABECERA MUNICIPAL
"20.070,00","66,00","9,00",3,"15,44","-92,89",Iglesia San Pedro Apostol,1a. Norte Oriente Barrio Centro
"20.070,00","66,00","9,00",3,"15,44","-92,89",Esc. Prim. 20 de Noviembre,4a. SUR ENTRE 4A Y 26 PONIENTE
"20.070,00","66,00","9,00",3,"15,44","-92,89",C.B.T.A. No.43,23 Poniente Norte Barrio El Malucal
"20.107,00","103,00","8,00",3,"17,38","-92,89",PLAZA COMUNITARIA,"ENTRE CALLE TEPEYAC CERCA DE LA CLINICA, CENTRO"
"20.032,00","28,00","7,00",3,"17,00","-92,88",Esc.Prim. Federal Niños Heroes,Calle Central Poniente S/n Col.Centro
"20.066,00","62,00","7,00",3,"17,07","-92,86",CASA EJIDAL,1A ORIENTE SUR
"20.136,00","132,00","7,00",3,"17,01","-92,86",domo de la casa de salud,calle central barrio centro
"20.066,00","62,00","7,00",3,"17,07","-92,86",DOMO DEL PARQUE CENTRAL,1A ORIENTE NORTE
"20.066,00","62,00","7,00",3,"17,07","-92,86",SALON DE USOS MULTIPLES,1A SUR ORIENTE
"20.066,00","62,00","7,00",3,"17,07","-92,86",Auditorio Municipal,Barrio Jitoltepeque
"20.066,00","62,00","7,00",3,"17,07","-92,86",Dif Municipal,Barrio Los Pinos
"20.066,00","62,00","7,00",NULL,"17,07","-92,86",Casa Ejidal,Barrio Jitoltepeque
"20.136,00","132,00","7,00",3,"17,01","-92,85",Presidencia municipal,calle central barrio la planada
"131,00","0,00","0,00",NULL,"16,49","-92,83",UNO,2A SUR ORIENTE
"20.024,00","20,00","8,00",3,"17,37","-92,82",AUDITORIO MUNICIPAL,"BARRIO GUADALUPE, CALLE SIMON BOLIVAR Y CALLE CENTRAL"
"20.024,00","20,00","8,00",3,"17,37","-92,82",Escuela Prim. Raul Isidro Burgos,"BARRIO SANTUARIO, CALLE MORELOS Y CALLE CENTRAL S/N"
"150,00","20,00","8,00",3,"17,39","-92,82",ESCUELA PRIMARIA EMILIANO ZAPATA,"COL. CENTRO, CALLE CENTRAL S/N"
"20.131,00","127,00","5,00",3,"16,84","-92,81",Aldama de prueba,Ubicacion
"20.024,00","20,00","8,00",2,"17,37","-92,81",NO APLICA,NO APLICA
"20.024,00","20,00","8,00",3,"17,37","-92,81",CASA EJIDAL,SIMON BOLIVAR S/N BARRIO GUADALUPE
"20.021,00","17,00","4,00",3,"16,55","-92,81",ERMITA SAN ISIDRO,Av. Mariano Nango Col. Salomón Gonzalezl. 20 de Noviembre
"8.971,00","17,00","4,00",3,"16,55","-92,81",IGLESIA SAN PABLO APOSTOL,AVENIDA GRIJALVA S/N BARRIO SAN JOSE
"20.021,00","17,00","4,00",3,"16,55","-92,81",CASA DEL PUEBLO (LOPEZ MATEOS),1A.Oriente Norte Col.Adolfo Lopez Mateos
"20.021,00","17,00","4,00",3,"16,55","-92,80",ERMITA SANTA LUCIA,"AV. MORELOS, SALIDA A CHIAPILLA"
"20.021,00","17,00","4,00",3,"16,55","-92,80",Casa Ejidal,: AVENIDA GRIJALVA ENTRE AV. INDEPENDENCIA BARRIO SAN PABLO
"10.417,00","17,00","4,00",3,"16,55","-92,80",IGLESIA DE SAN PEDRO APOSTOL,: CALLE HIDALGO ENTRE AV. MADERO Y CALLE VERACRUZ BARRIO SAN PEDRO
"20.021,00","17,00","4,00",3,"16,55","-92,80",AUDITORIO MUNICIPAL,DIRECCIÒN: CALLE CORONEL RUIZ SN BARRIO CANDELARIA
"20.136,00","132,00","7,00",3,"17,18","-92,80",Casa Ejidal,calle central barrio la planada
"20.021,00","17,00","4,00",3,"16,55","-92,80",ERMITA SANTA CRUZ,"Conocida, Barrio la Misión"
"20.100,00","96,00","7,00",3,"17,14","-92,72",Esc. Prim. Fray bartome de las casa,Barrio las ruinas
"20.129,00","125,00","5,00",3,"16,76","-92,72",CASA DIF,CALZADA DOCTOR MANUEL GAMIO CALLE CRECENCIO ROSAS
"20.047,00","43,00","4,00",3,"16,57","-92,72",AUDITORIO MUNICIPAL,CARRETERA CABECERA MUNICIPAL A COLONIA EL CARMEN ( EL ZAPOTE)
"20.033,00","29,00","7,00",3,"17,06","-92,72",Escuela primaria Damina Carmona,calle central sin nombre. s/n barrio San Isidro
"20.128,00","124,00","4,00",3,"16,61","-92,72",DOMO CENTRAL,"AV. JOSEFA ORTIZ DE DOMINGUEZ, ENTRE AV 16 DE SEPTIEMBRE"
"20.128,00","124,00","4,00",3,"16,61","-92,72",CASA EJIDAL,AV. JOSEFA ORTINEZ DE DOMINGUEZ
"230,00","124,00","4,00",3,"16,61","-92,72",SALON ANEXO A LA IGLESIA DE SAN LUCAS,CABECERA MUNICIPAL 23/01/12
"20.100,00","96,00","7,00",3,"17,14","-92,72",ESC.PRIMARIA .MARCOS ENRIQUE BESERRA,AV BELISARIO DOMINGUESZ
"20.033,00","29,00","7,00",3,"17,06","-92,71",Cobach Plantel 73,Calle Shokilucun S/N
"5.933,00","23,00","6,00",2,"15,87","-92,71",Iglesia pentecostes,Cabecera Municipal
"20.033,00","29,00","7,00",3,"17,07","-92,71",Casa de Bienes Comunales,calle central sin nombre. s/n barrio centro.
"20.068,00","64,00","5,00",3,"16,88","-92,71",AGENCIA MUNICIPAL DE LARRAINZAR,AV. MAZARIEGO SIN NUMERO
"20.068,00","64,00","5,00",3,"16,88","-92,71",DIF,VENUSTIANO CARRANZA ENTRE MAZARIEGO
"20.097,00","93,00","5,00",2,"16,81","-92,71",ALBARRADA,CABECERA MUNICIPAL
"20.033,00","29,00","7,00",3,"17,06","-92,71",Casa Ejidal,Calle Hidalgo Barrio Centro
"20.100,00","96,00","7,00",3,"17,14","-92,71",Domo San Jose,AV. INACIO ALLENDE ENTRE AV COSTITUYENTES
"9.179,00","96,00","7,00",2,"17,15","-92,71",ESCUELA PRIMARIA,COM. RIO COLORADO 01/02/12
"8.928,00","96,00","7,00",2,"17,15","-92,70",CASA EJIDAL,COM. SAN RAFAEL 01/02/12
"20.100,00","96,00","7,00",3,"17,13","-92,70",Esc. técnica N.42,aun costado del campo deportivo el ámbar
"148,00","127,00","5,00",2,"16,83","-92,69",Desplazados por asuntos políticos,DIF MUNICIPAL
"20.022,00","18,00","10,00",NULL,"15,28","-92,69",REFUGIO #11 TELESECUNDARIA 400 B. JUAREZ,AV. CENTRAL FRENTE A CARRETERA PRINCIPAL/ COL MATAMOROS
"20.022,00","18,00","10,00",3,"15,28","-92,69",REFUGIO #11 TELESECUNDARIA 400 B. JUAREZ,AV. CENTRAL FRENTE A CARRETERA PRINCIPAL/ COL MATAMOROS
"20.027,00","23,00","6,00",2,"16,12","-92,69",ejido Monterrey,cabecera municpal
"147,00","18,00","10,00",3,"15,28","-92,69",REFUGIO # 3 ESC. PRIM. NIÑOS HEROES,1RA CALLE PONIENTE ENTRE CALLE 5TA AV. SUR BARRIO GUADALUPANO
"20.022,00","18,00","10,00",3,"15,28","-92,69",REFUGIO #10 ESC. PRIM MARIANO MATAMOROS,AV. CENTRAL FRENTE A CARRETERA PRINCIPAL/ COL MATAMOROS
"20.131,00","127,00","5,00",3,"16,92","-92,69",BODEGA DEL DIF,CALLE 10 DE MAYO
"20.042,00","38,00","5,00",3,"16,79","-92,69",AUDITORIO MUNCIPAL,ATRAS DEL MERCADO
"20.131,00","127,00","5,00",3,"16,92","-92,69",SALA DE JUNTAS,AVENIDA JUAN ALDAMA S/N
"20.022,00","18,00","10,00",3,"15,28","-92,69",REFUGIO # 6 SALON CENTRO DE CONVIVENCIAS,AV. CENTRAL/PARQUE CENTRAL COL. SOCONUSCO
"20.042,00","38,00","5,00",3,"16,79","-92,69",DIF MUNICIPAL,CABECERA MUNICIPAL
"20.022,00","18,00","10,00",3,"15,28","-92,69",REFUGIO #8 ESC. PRIM MAURO CARRASCO,2A. PONIENTE ENTRE 1A Y 2A ORIENTEAPATA S/N COL. SOCONUSCO
"20.058,00","54,00","7,00",3,"17,17","-92,69",DEPORTIVO PARROQUIAL,CENTRAL OTE S/N
"20.058,00","54,00","7,00",3,"17,17","-92,69",CASA EJIDAL,CENTRAL PTE S/N
"20.022,00","18,00","10,00",3,"15,28","-92,68",REFUGIO #5 ESC. PRIM BELIZARIO DOMINGUEZ,C. AV CENTRAL NORTE
"20.022,00","18,00","10,00",3,"15,28","-92,68",REFUGIO #4 ESC.SEC. TECNICA #22,5TA PONIENTE #62 CENTRO Y 1RA AV NORTE BARRIO SOLIDARIDAD
"850,00","18,00","10,00",3,"15,28","-92,68",REFUGIO #12 CASA EJIDAL COLOMBIA,CALLE CENTRAL S/N. EJIDO COLOMBIA
"20.116,00","112,00","4,00",3,"16,55","-92,68",CASA EJIDAL,"AV. 20 DE NOVIEMBRE S/N, ENTRE BELISARIO DOMINGUEZ Y MIGUEL HIDALGO"
"20.116,00","112,00","4,00",3,"16,54","-92,68",ESCUELA PRIMARIA VICTOR CALDERON,"AV. DANIEL DELGADILLO, SIN NOMBRE Y EL CENTRO DE SALUD"
"20.116,00","112,00","4,00",3,"16,54","-92,68",DIF MUNICIPAL,"AV. DANIEL DELGADILLO, SIN NOMBRE Y LA ESCUELA TELEBACHILLERATO #50"
"20.022,00","18,00","10,00",3,"15,28","-92,68",REFUGIO #2 CASA EJIDAL,CALLE AV. CENTRAL NORTE BARRIO CENTRO
"20.022,00","18,00","10,00",3,"15,28","-92,68",REFUGIO #9 AUDITORIO SOCONUSCO,AV. VICENTE GUERRERO FRANCISCO VILLA ENTRE CALLE EMILIANO ZAPATA COL. SOCONUSCO
"20.022,00","18,00","10,00",3,"15,28","-92,68",REFUGIO #1 ESC. SEC.VENUSTIANO CARRANSA,1R C. PONIENTE BARRIO GUADALUPANO
"20.020,00","16,00","10,00",3,"15,34","-92,68",ESC. CENTENARIO DE MIGRACION JAPONESA,Calle Veracruz y Nuevo León Col. Morelos II
"20.022,00","18,00","10,00",3,"15,27","-92,68",REFUGIO #7 AUDITORIO MUNICIPAL,1A. AV. NORTE S/N Y CALLE CENTRAL
"20.131,00","127,00","5,00",2,"16,84","-92,68",Desplazados por asuntos políticos,DIF municipal
"20.020,00","16,00","10,00",NULL,"15,34","-92,68",DOMO MUNICIPAL,"AV. MIGUEL HIDALGO , BARRIO RIO GRANDE"
"20.020,00","16,00","10,00",NULL,"15,34","-92,68",DOMO MUNICIPAL,"AV. MIGUEL HIDALGO , BARRIO RIO GRANDE"
"5.318,00","16,00","10,00",NULL,"15,34","-92,68",DOMO MUNICIPAL,"AV. MIGUEL HIDALGO , BARRIO RIO GRANDE"
"5.318,00","16,00","10,00",NULL,"15,34","-92,68",DOMO MUNICIPAL,"AV. MIGUEL HIDALGO , BARRIO RIO GRANDE"
"20.020,00","16,00","10,00",NULL,"15,34","-92,68",DOMO MUNICIPAL,"AV. MIGUEL HIDALGO , BARRIO RIO GRANDE"
"20.020,00","16,00","10,00",3,"15,34","-92,68",TEMPLO EL BUEN PASTOR,"AV. CONSTITUCION SUR, BARRIO JOSE LUCIANO"
"20.020,00","16,00","10,00",3,"15,34","-92,67",ESCUELA TELESECUNDARIA EJIDO HIDALGO,"EJIDO HIDALGO, ACACOYAGUA."
"20.020,00","16,00","10,00",3,"15,34","-92,67",PARROQUIA SAN MARCOS,"ALLENDE ORIENTE Y SINALOA, BARRIO JOSE LUCIANO"
"20.020,00","16,00","10,00",3,"15,35","-92,67",ESC. PREP BELISARIO DOMINGUEZ PALENCIA,Nuevo León Oriente Barrio Morelos II
"20.020,00","16,00","10,00",3,"15,34","-92,67",IGLESIA DE NAZARENO,Sinaloa Oriente y Sonora Oriente Barrio Jose Luciano
"20.020,00","16,00","10,00",3,"15,34","-92,67",DOMO MUNICIPAL,"AV. MIGUEL HIDALGO , BARRIO RIO GRANDE"
"20.020,00","16,00","10,00",3,"15,34","-92,67",CASA EJIDAL,Jardines Oriente y Calle Central Col. Centro
"20.020,00","16,00","10,00",3,"15,34","-92,67",ESC. PRIM. NIÑOS HEROES,"Durango y Sinaloa, Barrio Jose Luciano"
"20.020,00","16,00","10,00",3,"15,34","-92,66",ESC. PRIM. MIGUEL HIDALGO,Calle Chiapas y Durango Barrio 15 de Enero
"20.097,00","93,00","5,00",2,"16,82","-92,66",Eje Vial 2,Eje Vial 2
"20.058,00","54,00","7,00",NULL,"17,22","-92,65",Albergue Escolar,Barrio Guadalupe S/N Conocido
"178,00","47,00","10,00",3,"15,33","-92,65",PARROQUIA DE SANTO DIMNGO DE GUZMAN,"AV. INDEPENDENCIA, ENTRE LAS CALLES BELISARIO DOMINGUEZ E IGNACIO ZARAGOZA"
"3.785,00","47,00","10,00",3,"15,33","-92,65",ESC. PRIM RAFAEL RAMIREZ,CALLE CENTRAL ORIENTE B. DOMINGUEZ COL. EL TRIUNFO
"20.051,00","47,00","10,00",3,"15,32","-92,65",CASA DE CULTURA,: AV. ALVARO OBREGON ESQUINA CALLE FRANCISCO JAVIER MINA
"20.051,00","47,00","10,00",3,"15,33","-92,65",UNIDAD BASICA DE REHABILITACION,CALLE ITURBIDE
"20.058,00","54,00","7,00",3,"17,21","-92,65",Dif Municipal,1ª norte Barrio Centro
"20.058,00","54,00","7,00",3,"17,21","-92,65",Salón Colectivo,TERCERA ORIENTE SUR
"20.051,00","47,00","10,00",3,"15,33","-92,65",ESC. PRIM. BENITO JUAREZ,CALLE 5 DE MAYO S/N / MORELOS Y JUAREZ
"178,00","47,00","10,00",3,"15,33","-92,65",ESC. PRIM. MIGUEL HIDALGO Y COSTILLA,CALLE 16 DE SEPTIEMBRE ESQUINA AV. RIO CINTALAPACALLE 16 DE SEPTIEMBRE ESQUINA AV. RIO CINTALAPA
"1.448,00","23,00","6,00",3,"15,73","-92,65",CASA EJIDAL,"DOMICILIO CONOCIDO, PLAN DE AYUTLA"
"20.078,00","74,00","12,00",2,"16,74","-92,65",escuela secundaria tecnica,escuela
"20.097,00","93,00","5,00",2,"16,75","-92,65",UNA NOCHE DIGNA,CALLE SAN ISIDRO. COL. LOMAS DEL VALLE
"178,00","47,00","10,00",3,"15,33","-92,65",ESC.SEC. TEC. No.49,IGNACIO ALLENDE S/N
"20.051,00","47,00","10,00",3,"15,33","-92,65",COBACH PLANTEL 02,AV. 20 DE NOVIEMBRE S/N COL. CENTRO
"20.097,00","93,00","5,00",3,"16,73","-92,65",KISST,COLONIA SAN ANTONIO
"3.785,00","47,00","10,00",3,"15,33","-92,65",ESC.SEC. TEC. 47,CALLE ALDAMA S/N. COL. EL TRIUNFO
"20.097,00","93,00","5,00",2,"16,74","-92,64",CASA DE DIA,LA MISMAS
"20.097,00","93,00","5,00",3,"16,73","-92,64",AUDITORIO MUNICIPAL,"Calle Las Americas, Col San Antonio"
"20.097,00","93,00","5,00",3,"16,72","-92,64",DIF,CALLE IGNACIO ALLENDE COLONIA ALTEJAR
"20.167,00","93,00","5,00",3,"16,74","-92,64",CENTRO DE CONVENCIONES EL CARMEN,CALLE MIGUEL HIDALGO COLONIA CENTRO
"20.167,00","93,00","5,00",3,"16,73","-92,64",CLUB DE LEONES AC,CALLE CRECENCIO ROSAS COLONIA CENTRO 23
"20.097,00","93,00","5,00",3,"16,73","-92,64",CENTRO DE CONVENCIONES EL CARMEN,Av. Miguel Hidalgo S/N. Col. Centro
"20.097,00","93,00","5,00",3,"16,74","-92,64",LA ALBARRADA,"Calle de la Juventud, col M. Auxiliadora"
"20.097,00","93,00","5,00",3,"16,73","-92,64",CASA SAN JUAN BOSCO,Cal. La Juventud Barrio Maria Auxiliadora
"20.097,00","93,00","5,00",3,"16,74","-92,63",AUDITORIO DEPORTIVO BARON DE LAS CASAS,Bulevard Juan Sabines Barrio San Antonio
"20.075,00","71,00","5,00",3,"16,86","-92,63",VIEJO ALBERGUE,1 de mayo
"20.075,00","71,00","5,00",3,"16,86","-92,63",BODEGA,8 de mayo
"20.097,00","93,00","5,00",3,"16,74","-92,63",COBACH PLANTEL 58,Periferico Norte
"20.045,00","41,00","5,00",3,"16,89","-92,63","SALON DE USOS MULTIPLES, S/LA CAB. MPAL.",CALLE MIGUEL HIDALGO.
"20.045,00","41,00","5,00",NULL,"16,90","-92,63","SALON DE JUNTAS EJIDALES, S/LA CAB. MPAL.",CALLE MIGUEL HIDALGO.
"20.045,00","41,00","5,00",3,"16,90","-92,63","SALON DE JUNTAS EJIDALES, S/LA CAB. MPAL.",CALLE MIGUEL HIDALGO.
"20.097,00","93,00","5,00",4,"16,71","-92,63",LA ALBARRADA,CALLE DE LA JUVENTUD COLONIA MARIA AUXILIADORA
"20.045,00","41,00","5,00",3,"16,90","-92,62","CASA DE LA CULTURA, S/LA CAB. MPAL.",CASA DE LA CULTURA
"20.041,00","37,00","5,00",3,"16,96","-92,62",SUPERVISION,AV. LOS RELIGIOSOS
"20.041,00","37,00","5,00",3,"16,96","-92,62",DIF MUNICIPAL,AV. BARTOLO LOPEZ CUL
"209,00","73,00","4,00",3,"16,44","-92,59",CASA DE BIENES COMUNALES,BARRIO CENTRO 5TA PONIENTE SUR Y 3DA PONIENTE
"20.077,00","73,00","4,00",3,"16,44","-92,58",DIF MUNICIPAL,"BARRIO CENTRO, 2A. PTE. SUR Y PARQUE CENTRAL 5 DE MAYO"
"20.077,00","73,00","4,00",3,"16,44","-92,58",INSTALACIONES DEL DIF MUNICIPAL,Calle 5 de mayo colonia centro.
"209,00","73,00","4,00",3,"16,44","-92,58",ALBERGUE ESCOLAR JAIME NUNO,BARRIO SAN JOSE QUINTA PTE SUR
"1.545,00","86,00","10,00",3,"15,22","-92,58",ESCUELA SECUNDAR TECNICA,COLONIA HIDALGO
"1.545,00","86,00","10,00",3,"15,21","-92,58",COLEGIO DE BACHILLERES 071,COLONIA HIDALGO
"1.175,00","86,00","10,00",3,"15,21","-92,58",TELESECUNDARIA ZAPATA SALAZAR,EMILIANO ZAPATA (LOS COCOS)
"7.411,00","86,00","10,00",3,"15,21","-92,58",ALBERGUE DE 23 DE NERO,23 DE ENERO
"3.609,00","86,00","10,00",3,"15,21","-92,58",DOMO CENTRAL DE LAZARO CARDENAS,LAZARO ACRDENAS (sALTILLITO)
"3.184,00","86,00","10,00",3,"15,21","-92,58",CASA EJIDAL UNION HERMOSILLO,UNION HERMOSILLO
"2.758,00","86,00","10,00",3,"15,22","-92,58",DOMO CENTRAL DE EJIDO VICENTE GUERRERO,VICENTE GUERRERO
"3.142,00","86,00","10,00",3,"15,21","-92,58",PRIMARIA EJIDO XOCHICALCO,EJIDO XOCHICALCO
"20.090,00","86,00","10,00",3,"15,21","-92,58",DOMO DEL EJIDO BRUNO GOMEZ,BRUNO GOMEZ
"20.090,00","86,00","10,00",3,"15,21","-92,58",ESCUELA NICOLAS BRAVO,BARRIO SANTA LUCIA
"20.090,00","86,00","10,00",3,"15,21","-92,58",DOMO EJIDO SANTA CRUZ,SANTA CRUZ
"4.007,00","86,00","10,00",3,"15,21","-92,58",ESCUELA PRIMARIA DE ZAPALUTA,ZAPALUTA
"20.090,00","86,00","10,00",3,"15,21","-92,58",ESCUELA PRIMARIA. FRANCISCO JAVIER MINA,CANTON ZACUALPA
"7.411,00","86,00","10,00",3,"15,21","-92,58",DOMO DE 23 DE ENERO,23 DE ENERO
"3.184,00","86,00","10,00",3,"15,21","-92,58",PRIMARIA,UNION HERMOSILLO
"20.090,00","86,00","10,00",3,"15,21","-92,58",AUDITORIO MUNICIPAL,AV. CENTRAL
"7.844,00","86,00","10,00",3,"15,21","-92,58",ESCUELA PRIMARIA GUADALUPE VICTORIA,BUENA VISTA
"7.888,00","86,00","10,00",3,"15,21","-92,58",ESCUELA PRIMARIA 5 DE MAYO,ALTAMIRA
"660,00","86,00","10,00",3,"15,21","-92,58",ESCULA PRIMARIA FRAY MATIAS,CANTON LAS BRISAS
"20.090,00","86,00","10,00",3,"15,21","-92,58",PARQUE CENTRAL EJIDO SALVACION,EJIDO SALVACUON
"579,00","86,00","10,00",3,"15,21","-92,58",DOMO EJIDO NUEVO BRASIL,NUEVO BRASIL
"3.142,00","86,00","10,00",3,"15,21","-92,58",ESCUELA PRIMARIA EJIDO XOCHICALCO,POBLADO XOCHICALCO
"2.658,00","86,00","10,00",3,"15,21","-92,58",DOMO CENTRAL EJIDO TEZIUTLAN,TEZIUTLAN
"20.144,00","20.140,00","4,00",3,"15,13","-92,57",CASA EJIDAL,"1A. SUR PTE, CALLE SR Y PRIMERA OTE. SUR"
"20.144,00","20.140,00","4,00",3,"15,13","-92,57",COBACH PLANTEL 20,"5A SUR PTE., 5A. Y 6A."
"20.144,00","20.140,00","4,00",3,"15,13","-92,57","DOMO ""PARQUE CENTRAL""","1A. SUR OTE, CENTRAL SUR Y OTE."
"20.124,00","120,00","4,00",3,"15,13","-92,57",ESC. PRIM. VENUSTIANO CARRANZA,"CALLE CENTRAL SUR, ENTRE 1A. Y 2A. SUR PTE"
"20.144,00","20.140,00","4,00",3,"15,13","-92,57",ESC. PRIM. VICENNTA SANCHEZ S.,"1A. PTE. NTE., 4A. Y 5A. NTE. OTE."
"20.144,00","20.140,00","4,00",3,"15,13","-92,57",KINDER ALFONSO CASO,"1A. PTE. NTE., 4A. Y 5A. NTE. OTE."
"20.090,00","86,00","10,00",3,"15,21","-92,57",IGLEZIA DEL NAZARENO,CANTON ZACUALPA
"20.124,00","120,00","4,00",2,"16,34","-92,57",Esc. Prim. Adolfo Ruiz Cortines,Cabecera Municipal
"20.124,00","120,00","4,00",3,"16,34","-92,56",AUDITORIO MUNICIPAL,"4A. PTE NORTE, 4A. PTE SUR Y 2A PTE SUR"
"20.124,00","120,00","4,00",2,"16,34","-92,56",SAN BARTOLOME DE LOS LLANOS,Cabecera Municipal
"20.124,00","120,00","4,00",3,"16,34","-92,56",AUDITORIO CASA DEL PUEBLO,"2 NTE OTE, 4A. OTE NORTE Y 5A. OTE NTE"
"20.135,00","131,00","6,00",3,"16,31","-92,56",# 5 COMISARIA EJIDAL MONTECRISTO DE GRO,AV. 1 RA SUR
"20.039,00","131,00","6,00",0,"16,31","-92,56",domo Unidad Deportiva,2a Sur entre 1a Ote. Sur y Central Ote. 00 Ing. Alonso López NULL NULL NULL NULL NULL 16.116327175836158 -92.68976211547852 35 6 1 1 1 0 0 1 1 1 0 0 600 120 0 0 0 0 3 0 0 9614506243 0 NULL NULL 0 0 0 0 806 20039 2021 Auditorio Salomón Gonzales
"20.124,00","120,00","4,00",3,"16,34","-92,56",ESC. PRIM. DEL EDO CUAHTEMOC,"AV. CENTRAL OTE. NO 123, 8A OTE. 1A. NTE."
"20.090,00","86,00","10,00",3,"15,22","-92,56",CASA EJIDAL DE VILLA COMALTITLAN,BARRIO GUADALUPANO
"20.124,00","120,00","4,00",3,"16,34","-92,56",C.B.T.A. NO 46,"KM 4, CARRETERA V. CARRANZA-TUXTLA"
"20.124,00","120,00","4,00",2,"16,33","-92,56",UNIDAD MUNICIPAL DE PROTECCION CIVIL,CARRETERA PRINCIPAL
"20.095,00","91,00","14,00",3,"17,28","-92,55",IGLESIA DE NUESTRO DEÑOR DE LA MISERICORDIA,BARRIO CENTRO FRENTE AL PARQUE
"20.095,00","91,00","14,00",3,"17,28","-92,55",TEMPLO ADVENTISTA 7MO DIA,BARRIO GUADALUPE
"20.095,00","91,00","14,00",3,"17,28","-92,55",ESC. SECUNDARIA NO. 97,CARRETERA SABNILLA A MOYOS
"20.095,00","91,00","14,00",3,"17,28","-92,55",COBACH PLANTEL 68,4TA AVENIDA BARRIO LOS CAPUINES
"20.095,00","91,00","14,00",3,"17,28","-92,55",ESC.PRIMARIA FRANCISCO SARABIA,1RA AV. SUR ORIENTE FRENTE AL PARQUE
"20.077,00","73,00","4,00",3,"16,40","-92,54",ALBERGUE ESCOLAR,Calle Quinta Pte. sur colonia san José.
"20.022,00","18,00","10,00",2,"15,39","-92,53",CASA EJIDAL,COM.MARIANO MATAMOROS
"20.112,00","108,00","5,00",3,"16,82","-92,50",SALON DE USOS MULTIPLES,PROGRESOS/N CENTRO
"20.464,00","20.463,00","11,00",3,"15,59","-92,48",COMISARIA EJIDAL,DOMICILIO CONOCIDO
"20.113,00","109,00","5,00",3,"16,54","-92,47",AUDITORIO MUNICIPAL,1 AV. ORIENTE SUR S/N
"20.113,00","109,00","5,00",3,"16,54","-92,47",SALON DE PROTECION CIVIL,CENTRO S/N
"20.085,00","81,00","5,00",NULL,"17,01","-92,47",DIF MUNICIPAL,CALLE BENITO JUAREZ
"20.085,00","81,00","5,00",NULL,"17,01","-92,47",DIF MUNICIPAL,CALLE BENITO JUAREZ
"20.085,00","81,00","5,00",NULL,"17,01","-92,47",DIF MUNICIPAL,CALLE BENITO JUAREZ
"20.085,00","81,00","5,00",3,"17,01","-92,47",DIF MUNICIPAL,CALLE BENITO JUAREZ
"20.085,00","81,00","5,00",1,"17,01","-92,47",DIF MUNICIPAL,CABECERA MUNICIPAL
"20.085,00","81,00","5,00",2,"17,01","-92,47",DIF MUNICIPAL,CABECERA MUNICIPAL
"6.339,00","109,00","5,00",3,"16,54","-92,47",AUDITORIO SAN JOSE,CALZADA COMITAN S/N
"1.953,00","55,00","10,00",3,"15,14","-92,46",JOSE MARIA MORELOS,EFRAIN A GUTIERREZ
"20.059,00","55,00","10,00",3,"15,14","-92,46",DR. MANUEL VELAZCO ZUAREZ,BELASARIO DOMINGUEZ
"20.059,00","55,00","10,00",3,"15,14","-92,46",LEONA VICARIO,COLONIA RELICARIO
"20.059,00","55,00","10,00",3,"15,14","-92,46",CONALEP,CARRETERA HUIXTLA TAPACHULA
"20.059,00","55,00","10,00",3,"15,14","-92,46",ADOLFO LOPEZ MATEO,HUIXTLA CENTRO
"6.795,00","55,00","10,00",3,"15,14","-92,46",NIÑOS HEROES,EJ. SANTA RITA CORO. PRINCIPAL
"2.430,00","55,00","10,00",3,"15,14","-92,46",EMILIANO ZAPATA,EJ. FRANCISCO I MADERO
"20.059,00","55,00","10,00",3,"15,14","-92,46",JUAN SABINES GUTIERREZ,AV. ABASOLO
"20.059,00","55,00","10,00",3,"15,14","-92,46",VICENTE GUERRERO,CAMINO AL MIRADOR
"20.059,00","55,00","10,00",3,"15,14","-92,46",BENEMERITO DE LAS AMERICAS,CARRETERA MOTOZINTLA KM 1
"1.764,00","55,00","10,00",3,"15,14","-92,46",MARIANO MATAMOROS,CANTON LAS DELICIAS
"3.640,00","55,00","10,00",3,"15,14","-92,46",JOSE MARIA PINO JUAREZ,CALLE PRINCIPAL NUEVA AMERICA
"20.059,00","55,00","10,00",3,"15,14","-92,46",MANUEL REA,AV. JUARES ENTRE ALLENDE Y BELISARIO
"2.212,00","55,00","10,00",3,"15,14","-92,46",20 DE NOVIEMBRE,PRINCIPAL ESTRELLA ROJA
"20.057,00","53,00","5,00",3,"16,71","-92,45",CASA DIA,BARRIO LA QUINTA S/N
"20.057,00","53,00","5,00",3,"16,71","-92,45",ALBERGUE ESCOLAR,AV. CENTRAL PTE. S/N ZONA CENTRO
"20.057,00","53,00","5,00",3,"16,71","-92,45",CASA DE LA CULTURA,PRIMERA AVENIDA SUR PONIENTE
"20.057,00","53,00","5,00",3,"16,71","-92,45",BODEGA DIF,2DA. PONIENTE S/N COLONIA CENTRO
"1.735,00","69,00","10,00",2,"14,86","-92,45",casa ejidal 1,casa ejidal 1
"2.711,00","69,00","10,00",2,"14,86","-92,45",Salon Presidentes,"AV. CENTRAL JUAREZ Y CALLE ESCOBEDO, BARRIO ESQUIPULAS"
"4.134,00","55,00","10,00",3,"15,14","-92,45",JUSTO SIERRA MENDEZ,CANTON RANCHO NUEVO
"20.073,00","69,00","10,00",2,"14,86","-92,44",Salon Santa Cecilia,Cabecera Municipal
"1.735,00","69,00","10,00",2,"14,86","-92,44",casa ejidal 2,casa ejidal 2
"20.073,00","69,00","10,00",3,"14,90","-92,44",CASA DE LA CULTURA,"AV. CENTEAL JUAREZ Y CALLE FRANCISCO I. MADERO, BARRIO ESQUIPULAS"
"20.073,00","69,00","10,00",2,"14,86","-92,44",Salon Floresta,Cabecera Municipal
"541,00","69,00","10,00",2,"14,86","-92,44",Casa ejidal,ejido buenos aires
"20.073,00","69,00","10,00",3,"14,86","-92,44",CASA EJIDAL,"AV. ALLENDE S/N, CENTRO"
"20.026,00","22,00","5,00",3,"16,53","-92,44",CASA EJIDAL,Av. 5 de mayo S/N
"2.924,00","110,00","14,00",3,"17,30","-92,43",ESCUELA PRIMARIA BILINGÜE JUSTO SIERRA MENDEZ,0
"3.211,00","110,00","14,00",3,"17,30","-92,43",ESCUELA PRIMARIA BILINGÜE JOSE VASCONCELOS,PETALCINGO
"2.519,00","110,00","14,00",3,"17,30","-92,43",ESCUELA PRIMARIA FEDERAL JOSE INES ESTRADA CAJIJA DE EL LIMAR,0
"871,00","117,00","10,00",3,"15,15","-92,43",ESC. PRIM.IGNACIO ZARAGOSA,MIGUEL HIDALGO
"3.211,00","110,00","14,00",3,"17,30","-92,43",ESCUELA SECUNDARIA TECNICA NUM 89,PETALCINGO
"2.519,00","110,00","14,00",3,"17,30","-92,42",ESCUELA PRIMARIA DEL ESTADO BENITO JUAREZ GARCIA DE EL LIMAR,NVA ESPERANZA
"2.305,00","117,00","10,00",3,"15,14","-92,42",CASA EJIDAL,3RA CALLE S/N
"20.114,00","110,00","14,00",3,"17,29","-92,42",AUDITORIO MUNICIPAL,CABECERA MUNICIPAL
"20.127,00","123,00","14,00",3,"17,30","-92,42",AUDITORIO MUNICIPAL,1A.PONIENTE NORTE COL. CENTRO
"2.924,00","110,00","14,00",3,"17,30","-92,42",ESCUELA TELE SECUNDARIA 233,NVA ESPERANZA
"20.114,00","110,00","14,00",3,"17,30","-92,42","ESCUELA SECUNDARIA TECNICA NO. 43 TILA, CHIAPAS",FRANCISCO DOMINGUEZ NIEVES
"2.519,00","110,00","14,00",3,"17,30","-92,42",ESCUELA PRIMARIA DEL ESTADO LIC.BENITO JUAREZ,0
"20.121,00","117,00","10,00",3,"15,14","-92,42",IGLESIA CATOLICA SAN MIGUELC,AV.PORFIRIO DIAZ
"20.114,00","110,00","14,00",3,"17,30","-92,42",COLEGIO DE BACHILLERES P. 66 DE EL LIMAR,EL LIMAR
"20.114,00","110,00","14,00",3,"17,30","-92,42",COLEGIO DE BACHILLERES PLANTEL 14 TILA. CHIAPAS,0
"3.211,00","110,00","14,00",3,"17,30","-92,42",ESCUELA PRIMARIA FEDERAL RUBEN MIGUEL RINCON COUTIÑO,EMILIO CONSTANTINO TORIJA
"3.211,00","110,00","14,00",3,"17,30","-92,42",COLEGIO DE BACHILLERES PLANTEL 67,PETALCINGO
"2.519,00","110,00","14,00",3,"17,30","-92,42",ESCUELA PRIMARIA BILINGÜE EMILIO RABASA ESTEBANEY. DE EL LIMAR,EL LIMAR
"2.924,00","110,00","14,00",3,"17,30","-92,42",ESCUELA TELEBACHILLERATO PAULA FRAIRE. NUEVA ESPERANZA,NVA ESPERANZA
"3.211,00","110,00","14,00",3,"17,30","-92,42",ESCUELA PRIMARIA DEL ESTADO EMILIANO ZAPATA SALAZAR.,CABECERA MUNICIPAL
"20.121,00","117,00","10,00",3,"15,15","-92,42",AUDITORIO MUNICIPAL,AV. PORFIRIO DIAZ
"2.519,00","110,00","14,00",3,"17,30","-92,42",ESCUELA SECUNDARIA TECNICA No.88 DE EL LIMAR,EL LIMAR
"871,00","117,00","10,00",3,"15,15","-92,42",IGLECIA NAZARENO,MIGUEL HIDALGO
"20.121,00","117,00","10,00",3,"15,15","-92,42",CASA EJIDAL,AV. PORFIRIO DIAZ
"564,00","117,00","10,00",3,"15,14","-92,41",CASA EJIDAL,CALLE CTRAL. S/N
"2.211,00","117,00","10,00",3,"15,15","-92,41",IGLECIA_PRESBISTERIANA,ARGENTINA S/N
"5.505,00","117,00","10,00",3,"15,15","-92,41",CASA EJIDAL,16 DE SEPTIEMBRE
"4.960,00","117,00","10,00",3,"15,15","-92,41",CASA EJIDAL,AV. EMILIANO ZAPATA
"20.121,00","117,00","10,00",3,"15,14","-92,41",ESC. PREPARATORIA MIGUEL HIDALGO,MORELOS NTE.CARRETERA A FCO. SARABIA
"7.980,00","117,00","10,00",3,"15,15","-92,41",IGLECIA CATOLICA_DE ESQUIPULAS,ELOY RAMIREZ LOPEZ
"20.145,00","20.141,00","6,00",3,"15,60","-92,41",INSTALACIONES DEL DIF MUNICIPAL,calle central norte entre 9° y 10 av. Oriente
"20.143,00","20.139,00","2,00",3,"15,25","-92,40",ESC-PRIM- IGNACIO LOPEZ RAYON,Col. Rodulfo Figueroa
"20.056,00","52,00","10,00",NULL,"15,02","-92,39",SECUNDARIA DR. BELISARIO DOMINGUEZ PALENCIA,"4A. AV. SUR BARRIO SAN PEDRO, HUEHUETAN PUEBLO."
"20.056,00","52,00","10,00",3,"15,02","-92,39",SECUNDARIA DR. BELISARIO DOMINGUEZ PALENCIA,"4A. AV. SUR BARRIO SAN PEDRO, HUEHUETAN PUEBLO."
"20.056,00","52,00","10,00",3,"15,02","-92,38",ESCUELA PREPARATORIA COBACH PLANTEL 05,1ra PONIENTE BARRIO SANTO DOMINGO HUEHUETAN PUEBLO
"20.056,00","52,00","10,00",3,"15,02","-92,38",ESCUELA EMILIANO ZAPATA SALAZAR,CENTRAL PONIENTE / ENTRE 4TA PONIENTE / 6TA PONIENTE HUEHUETAN PUEBLO
"20.056,00","52,00","10,00",3,"15,02","-92,38",AUDITORIO MUNICIPAL,"CARRETERA COSTERA BARRIO SAN PEDRO , HUEHUETAN PUEBLO"
"20.056,00","52,00","10,00",2,"15,02","-92,38",Casa Dia,cabecera munical
"20.056,00","52,00","10,00",3,"15,02","-92,38",UNACH CAMPUS VII,HUEHUETAN `PUEBLO
"20.130,00","126,00","5,00",3,"16,89","-92,37",DIF MUNCIPAL,SICITIO MOCTEZUMA
"20.094,00","90,00","15,00",3,"16,36","-92,37",Auditorio Municipal,1 era sur poniente
"20.094,00","90,00","15,00",3,"16,36","-92,37",UNIDAD MUNICIPAL DE PROTECCIO CIVIL,CARRETERA PUJILTIC LAS ROSAS
"20.094,00","90,00","15,00",3,"16,36","-92,37",Albergue Escolar 20 de Nov.,Carr. Pujiltic/ el carmelito
"20.094,00","90,00","15,00",3,"16,36","-92,37",CASA DIA,4a oriente y 6a sur poniente
"20.102,00","98,00","4,00",3,"16,25","-92,36",Auditorio municipal,SEXTA AV MIGUEL HIDALGO
"20.102,00","98,00","4,00",3,"16,25","-92,35",SALON COPANAHUASTLA,sexta av miguel hidalgo
"20.102,00","98,00","4,00",3,"16,24","-92,35",AUDITORIO MUNICIPAL,"CALLE 1ª , CARRETERA SOYATITAN"
"1.283,00","72,00","11,00",2,"15,22","-92,35",AGENCIA MUNICIPAL,CALLE PRINCIPAL S/N
"20.096,00","92,00","14,00",3,"17,56","-92,35",ESC.MIGUEL HIDALGO,CALLE FERROCARRIL ENTRE LA CALLE HOSPITAL Y LUIS
"20.083,00","79,00","5,00",3,"16,79","-92,34",AUDITORIO MUNICIPAL,BARRIO SAN NACHOJ
"20.127,00","123,00","14,00",3,"17,18","-92,34",Salón de Usos Multiples de C.B.T.A.44,Barrio Linda Vista
"20.127,00","123,00","14,00",3,"17,18","-92,34",Salón de Fiestas,Col. Centro
"8.124,00","123,00","14,00",3,"17,18","-92,34",Escuela el Recreo,Col. El Recreo
"403,00","123,00","14,00",3,"17,18","-92,34",Casa Ejidal Ejido Amado Nervo,Ejido Amado Nervo
"3.597,00","92,00","14,00",2,"17,55","-92,34",Escuela Primaria,Ejido el Progreso
"3.888,00","123,00","14,00",3,"17,18","-92,33",Casa Ejidal,Ejido la Ventana
"20.127,00","123,00","14,00",3,"17,18","-92,33",Casa Ejidal Ejido Lazaro Cardenas,Ejido Lazaro Cardenas
"20.127,00","123,00","14,00",3,"17,18","-92,33",Escuela Esperanza Setser,Col. El Recreo
"7.859,00","123,00","14,00",3,"17,18","-92,33",SALON DE USOS MULTIPLES E.S.T. No.9,Barrio Linda Vista
"20.127,00","123,00","14,00",2,"17,18","-92,33",Casa Ejidal,Cabecera Municipal
"20.099,00","95,00","11,00",3,"15,56","-92,33",AUDITORIO MUNICIPAL,"16 DE SEPTIEMBRE RINCON DEL BOSQUE,BARRIO RINCON DEL BOSQUE"
"20.099,00","95,00","11,00",3,"15,56","-92,32",AGENCIA MUNICIPAL,"DOMICILIO CONOCIDO,COL.BARRIO PALMARCITO EJ PALMAR GRANDE"
"6.910,00","95,00","11,00",3,"15,56","-92,32",GUSTAVO DIAZ ORDAS,BARRIO BUENOS AIRES
"1.722,00","95,00","11,00",3,"15,56","-92,32",COMISARIA EMILIANO ZAPATA,"DOMICILIO CONOCIDO,COL.RODEO"
"20.099,00","95,00","11,00",3,"15,56","-92,32",CENTRO SOCIAL,"ZONA CENTRO ALVARO OBREGON,AV. PINO SUAREZ"
"6.652,00","95,00","11,00",3,"15,56","-92,32",LIC.BENITO JUAREZ GARCIA,"BARRIO UNO,COL.SOLEDAD"
"20.099,00","95,00","11,00",3,"15,56","-92,32","ESCUELA ""ANGEL POLA""",ALVARO OBREGON Y CALLE FRANCISCO SARAVIA
"232,00","95,00","11,00",3,"15,56","-92,32",SECUNDARIA 15 DE SEPTIEMBRE,16 DE SEPTIEMBRE RINCON DEL BOSQUE ENTRE LAS CALLES HOTEL RINCON DEL BOSQUE
"286,00","95,00","11,00",3,"15,56","-92,32",COMISARIA EJIDAL,DOMICILIO CONOCIDO EJIDO ANGEL DIAZ
"20.099,00","95,00","11,00",3,"15,56","-92,32",COMISARIA EJIDAL,CAMINO CASCADA SILTEPEC
"819,00","95,00","11,00",3,"15,56","-92,32",COMISARIA EJIDAL,CENTRO DEL EJIDO LAS DELICIAS S/N
"20.099,00","95,00","11,00",3,"15,56","-92,32",MIGUEL HIDALGO Y COSTILLA,FRANCISCO Y MADERO N°6 CENTRO
"1.596,00","95,00","11,00",3,"15,56","-92,32",CASA EJIDAL PALMAR GRANDE,"DOMICILIO CONOCIDO,COL.EL PALMAR"
"20.099,00","95,00","11,00",3,"15,56","-92,32",SALON DE ACTOS,50 METROS DE LA ESCUELA PRIMARIA
"20.099,00","95,00","11,00",3,"15,56","-92,32",COMISARIA EJIDAL,"AV.AQUILES SERDAN,CALLE SONORA"
"20.118,00","114,00","14,00",3,"17,28","-92,32",ESCUELA TELESECUNDARIA ROSARIO CASTELLANOS,BARRIO MIGUEL HIDALGO CALLE S/N
"20.118,00","114,00","14,00",3,"17,28","-92,32",CASA VIVIENDA,XUMULJA
"20.118,00","114,00","14,00",3,"17,28","-92,32",COBACH PLANTE 62,BARRIO 20 DE NOVIEMBRE CALLE S/N .
"20.118,00","114,00","14,00",NULL,"17,28","-92,32",COBACH PLANTE 62,BARRIO 20 DE NOVIEMBRE CALLE S/N .
"20.118,00","114,00","14,00",NULL,"17,28","-92,32",COBACH PLANTE 62,BARRIO 20 DE NOVIEMBRE CALLE S/N .
"20.118,00","114,00","14,00",3,"17,28","-92,32",IGLESIA CATOLICA,AV. CENTRAL EN FRENTAL DEL PARQUE.
"20.118,00","114,00","14,00",3,"17,28","-92,32",ESCUELA PRIMARIA CAMPANA DE DOLORES,LOCALIDAD CHUCLUNTIEL
"20.118,00","114,00","14,00",3,"17,28","-92,32",DOMO RURAL,LOCALIDAD JOLJAMIL
"20.118,00","114,00","14,00",3,"17,28","-92,32",ESCUELA TELESECUNDARIA N° 383,LOCALIDAD HIDALGO JOSHIL
"20.118,00","114,00","14,00",3,"17,28","-92,32",IGLESIA NACIONAL PRESBITERIANA,AGUA AZUL
"20.118,00","114,00","14,00",3,"17,28","-92,31",CASA EJIDAL,CARRETERA SALIDA JOLJAMIL.
"20.101,00","97,00","14,00",NULL,"17,02","-92,31",ESC. SECUNDARIA NO. 97,CARRETERA SABNILLA A MOYOS
"20.101,00","97,00","14,00",NULL,"17,02","-92,31",ESC. SECUNDARIA NO. 97,CARRETERA SABNILLA A MOYOS
"20.101,00","97,00","14,00",NULL,"17,02","-92,31",ESC. SECUNDARIA NO. 97,CARRETERA SABNILLA A MOYOS
"20.101,00","97,00","14,00",3,"17,02","-92,31",AUDITORIO MUNICIPAL,CALLE QUETZALCOATL
"3.308,00","118,00","15,00",3,"16,18","-92,29",SALON DE ACTOS,FRANCISCO VILLA
"20.049,00","45,00","11,00",3,"15,74","-92,29",PRIM.ROSARIO CASTELLANOS,"9A CALLE PTE NTE,AV CENTRAL Y 1A AV NORTE"
"20.049,00","45,00","11,00",3,"15,74","-92,29",COMISARIA EJIDAL,"3RA AV SUR PTE,5A PTE Y 6A PTE"
"20.049,00","45,00","11,00",3,"15,74","-92,29",PRIM. HERNESTO HUERTA,"AV CENTRAL SUR S/N,CALLE CENTRAL ESQUINA CON 3A AV SUR"
"6.246,00","95,00","11,00",3,"15,74","-92,29",BODEGA RURAL MUNICIPAL,"BOULEVARD SALIDA ZACUALPA ENTRE EL CAMPO DE FUTBOL Y CLINICA IMSS,BARRIO CRUZ GRANDE"
"20.049,00","45,00","11,00",3,"15,74","-92,29",IGLESIA CATOLICA,"AV CENTRAL, CENTRAL ORIENTE Y CENTRAL PONIENTE"
"20.099,00","95,00","11,00",3,"15,74","-92,29",ESC. HERMANOS FLORES MAGON,DOMICILIO CONOCIDO
"20.049,00","45,00","11,00",3,"15,74","-92,28",ESC.PRIMARIA BELISARIO DOMINGUEZ,3 AV.SUR S/N
"20.089,00","85,00","11,00",3,"15,46","-92,28",escuela primaria 20 de nobiembre,barrio centro
"1.028,00","85,00","11,00",3,"15,46","-92,28",comisaria ejidal ehido el zapotillo,ejido el zapotillo
"20.089,00","85,00","11,00",3,"15,46","-92,28",auditorio de basquetbol,barrio pino sol
"20.089,00","85,00","11,00",3,"15,46","-92,28",casa de la niñes enrique pestalosi,av. Dr belisario dominguez
"20.049,00","45,00","11,00",3,"15,74","-92,28",IGLESIA PENIEL,BOLEVARD DE LA CRUZ
"20.089,00","85,00","11,00",3,"15,46","-92,28",centro social del porvenir,barrio centro
"20.089,00","85,00","11,00",3,"15,46","-92,28",comisaria ejidal del porvenir,barrio centro
"20.089,00","85,00","11,00",3,"15,46","-92,28","escuela telesecundaria ""gregorio torres quintero""",barrio 4 de octubre
"20.089,00","85,00","11,00",3,"15,46","-92,28",iglesia adventista del septimo dia,av. Dr belisario dominguez
"20.034,00","30,00","10,00",3,"15,36","-92,28",CASA EJIDAL,EJIDO EL AGUILA
"4.220,00","118,00","15,00",3,"16,17","-92,28",SALON DE ACTOS,COL. GUADALUPE VICTORIA
"20.050,00","46,00","14,00",3,"17,10","-92,27",PRIMARIA NIÑOS HEROES,CALLE ITURBIDE
"20.050,00","46,00","14,00",3,"17,11","-92,27",SALON DE ACTOS SOLIDARIDAD,CALLE VELASCO JUAREZ
"20.050,00","46,00","14,00",3,"17,10","-92,27",CASA EJIDAL SAN SEBASTIAN,BARRIO SAN SEBASTIAN
"20.108,00","104,00","10,00",2,"14,90","-92,27",convivencia infantil,9 norte esquina 9 oriente Col. centro
"20.050,00","46,00","14,00",3,"17,11","-92,27",PRIMARIA FEDERAL MIGUEL NEGRETE,CALLE BELIZARIO DOMINGUEZ
"20.050,00","46,00","14,00",3,"17,11","-92,27",AUDITORIO MUNICIPAL,BARRIO CENTRO
"20.108,00","104,00","10,00",3,"14,90","-92,27",SALON CAMARA NACIONAL DE COMERCIO CANACO,CALLE OSA MENOR ESQ CALLE ESTRELLA POLAR.
"20.108,00","104,00","10,00",2,"14,90","-92,27",Centro de Convenciones,9a.Norte Oriente Col. Centro
"20.108,00","104,00","10,00",3,"14,91","-92,26",ESCUELA RAMOS MILLAN,CENTRAL CALLE ORIENTE ENTRE 5 Y 7 AV SUR PAR VIAL
"20.108,00","104,00","10,00",3,"14,90","-92,26",CASA EJIDAL TOQUIAN GRANDE,CONOCIDO TOQUIAN GRANDE
"20.108,00","104,00","10,00",3,"14,90","-92,26",TEMPLO BAUTISTA CRISTO TE AMA,PUERTO MADERO
"20.108,00","104,00","10,00",3,"14,91","-92,26",TEMPLO PENTECOSTES LA FE,PUERTO MADERO
"20.043,00","39,00","5,00",3,"16,66","-92,26",DIF MUNICIPAL,Guadalupe Victoria al Lado del Parque Cab. Mpal.
"20.076,00","72,00","11,00",2,"15,37","-92,26",Agencia Municipal,Col. Nvo. el Triunfo
"20.108,00","104,00","10,00",3,"14,90","-92,26",CENTRO ESCOLAR TEODOMIRO PALACIOS,CARRETERA NUEVA ALEMANIA
"14.101,00","104,00","10,00",2,"14,90","-92,26",Iglesia Bautista Rosa del Saharón Fracc. Los Angeles,iglesia bautista rosa del sarahon
"20.043,00","39,00","5,00",3,"16,65","-92,26",AUDITORIO MUNICIPAL,CALLE JUAN ALDAMA S/N
"20.076,00","72,00","11,00",3,"15,37","-92,25",CBTIS 243,CALLE CENTRAL PONIENTE BARRIO SAN MIGUEL
"1.558,00","72,00","11,00",2,"15,23","-92,25",AGENCIA MUNICIPAL,CALLE PRINCIPAL S/N
"20.043,00","39,00","5,00",3,"16,66","-92,25",BODEGA DIF MUNICIPAL,BUL. DR. MANUEL VELASCO SUAREZ
"11.407,00","72,00","11,00",2,"15,36","-92,25",Iglesia pentecostes,Barrio Nvo. Chiapas
"1.364,00","26,00","11,00",2,"15,59","-92,25",escuela telesecundaria,las chicharras
"14.101,00","104,00","10,00",2,"14,90","-92,25",Esc. Primaria Fral. Luis Chavez,Fracc. Los Angeles
"14.101,00","104,00","10,00",2,"14,90","-92,25",Esc. Primaria Fral. Luis Chavez,Fracc. Los Angeles
"2.866,00","72,00","11,00",2,"15,20","-92,25",AGENCIA MUNICIPAL,CALLE PRINCIPAL
"442,00","116,00","10,00",3,"14,80","-92,25",ESC. PRIM. BENITO JUAREZ,"CALLE CENTRAL, FRENTE AL PARQUE"
"890,00","26,00","11,00",3,"15,58","-92,25",ESCUELA PRIMARIA,"NUEVO PACAYAL,ZONA CENTRO,COL.NUEVO PACAYAL"
"20.076,00","72,00","11,00",3,"15,36","-92,25",AUDITORIO,COLONIA CENTRO 1A.SUR S/N
"20.076,00","72,00","11,00",2,"15,36","-92,25",CASA PARROQUIAL,1A AVENIDA SUR S/N
"155,00","26,00","11,00",3,"15,58","-92,25",AUDITORIO MUNICIPAL,"CENTRO BELLAVISTA,COL.MUNICIPIO BELLA VISTA"
"20.025,00","26,00","11,00",3,"15,59","-92,25",COMISARIA EJIDAL,RUMBO A UNA IGLESIA S/N COL.EMILIANO ZAPATA
"697,00","26,00","11,00",3,"15,58","-92,25",COMISARIA EJIDAL,EJIDO LAS NUBES
"20.076,00","72,00","11,00",2,"15,36","-92,25",ESCUELA PRIMARIA NIÑO ARTILLERO,CALZADA LAS CANOAS # 300 BARRIO SAN ANTONIO
"1.053,00","26,00","11,00",3,"15,58","-92,25",COMISARIA EJIDAL,"CENTRO EL PROGRESO,CARRETERA A BARRIO MONTAÑA,MUNICIPIO DE AMATENANGO,COL.EJIDO PROGRESO"
"510,00","26,00","11,00",3,"15,58","-92,25",COMISARIA EJIDAL,EJIDO LA HACIENDA S/N
"697,00","26,00","11,00",3,"15,58","-92,25",ESCUELA TELESECUNDARIA,EJIDO LAS NUVES S/N
"20.030,00","26,00","11,00",3,"15,58","-92,25",COMISARIA EJIDAL,BARRIO RINCONADA
"3.038,00","26,00","11,00",3,"15,58","-92,25",COMISARIA EJIDAL,CENTRO INDEPENDENCIA S/N COL.INDEPENDENCIA
"20.049,00","45,00","11,00",3,"14,62","-92,24",CECY PLANTEL15,KM 1.5 CARRETERA LAS FLORES
"20.049,00","45,00","11,00",3,"14,62","-92,24",ESC. SECUNDARIA,BARRIO CRUZ GRANDE
"671,00","102,00","10,00",3,"14,63","-92,24",CENTRO SOCIAL DORADO NUEVO,EJIDO DORADO NUEVO
"5.847,00","102,00","10,00",3,"14,62","-92,24",IGLESIA TESTIGO JEHOVA,EJIDO BENITO JUAREZ (COSALAPA)
"1.520,00","102,00","10,00",3,"14,62","-92,24",TELE SECUNDARIA. # 461,EJIDO 20 DE NOVIEMBRE
"20.106,00","102,00","10,00",3,"14,62","-92,24",IGLESIA PRESBITERIANA DE MEXICO A.R EL SINAI,COLONIA CENTRO
"5.847,00","102,00","10,00",3,"14,61","-92,24",ESC. TELESECUNDARIA 722 SOR JUANA INES DE LA CRUZ,EJIDO BENITO JUAREZ (COSALAPA)
"20.106,00","102,00","10,00",3,"14,63","-92,24",IGLESIA CATOLICA SAN ANDRES APOSTOL,COLONIA CENTRO
"20.106,00","102,00","10,00",3,"14,63","-92,24",ESC. SEC. JOSE VASCONCELOS,Domicilio Conocido
"20.106,00","102,00","10,00",3,"14,63","-92,24",CENTRO SOCIAL FRANCISCO I. MADERO,COLONIA CENTRO
"4.314,00","72,00","11,00",2,"15,21","-92,24",COMISARIA EJIDAL,CALLE CENTRAL
"20.076,00","72,00","11,00",2,"15,40","-92,24",CASA EJIDAL,Loc. Buena Vista
"20.106,00","102,00","10,00",3,"14,62","-92,24",ESC. PRIMARIA ANGEL M. CORZO,EJIDO 20 DE NOVIEMBRE
"20.076,00","72,00","11,00",2,"15,37","-92,23",iglesia adventista,localidad rosario agua escondida
"7.307,00","118,00","15,00",3,"16,01","-92,23",SALON DE ACTOS,COLONIA LENINGRADO
"3.308,00","118,00","15,00",3,"16,13","-92,23",SALON DE ACTOS,COLONIA LA MESILLA
"1.081,00","116,00","10,00",3,"14,84","-92,23",ESC. PRIM. ADOLFO LOPEZ MATEO,CALLE CENTRAL
"314,00","51,00","11,00",3,"15,51","-92,23",AUDITORIO ROLFI MARCONI,LLANO GRANDE
"20.055,00","51,00","11,00",3,"15,51","-92,23",COMISARIA EJIDAL,LA GRANDEZA
"2.791,00","51,00","11,00",3,"15,51","-92,23",AGENCIA MUNICIPAL,B. NUEVO MIRAMAR
"971,00","72,00","11,00",3,"15,18","-92,23",CASA PARROQUIAL,COLONIA CENTRO 1A.SUR S/N
"20.055,00","51,00","11,00",3,"15,51","-92,23",AUDITORIO ROLFI MARCONI,LA GRANDEZA CENTRO
"375,00","51,00","11,00",3,"15,51","-92,23",SALON DE USOS MULTIPLES,LA PINADA
"20.055,00","51,00","11,00",3,"15,51","-92,23",CASA DE LA CULTURA,LA GRANDEZA CENTRO
"20.076,00","72,00","11,00",2,"15,18","-92,23",ESCUELA PRIMARIA RAFAEL RAMIREZ CASTAÑEDA,AV. EDGAR ROBLERO SANTIAGO Y CALLE PROFA. MARIA REYES
"4.915,00","72,00","11,00",2,"15,22","-92,22",AGENCIA MUNICIPAL,CALLE PRINCIPAL S/N
"5.836,00","104,00","10,00",2,"15,33","-92,22",ESCUELA PRIMARIA FEDERAL BILINGUE EN EL BARRIO BUENA VISTA,BARRIO BUENA VISTA
"9.353,00","72,00","11,00",3,"15,20","-92,21",ESC. SECUNDARIA DR. BELIZARIO DOMINGUEZ,CALLE CENTRO
"887,00","116,00","10,00",3,"14,94","-92,21",ESC. PRIM. CONSTITUCION,CALLE CENTRAL
"1.462,00","116,00","10,00",3,"14,86","-92,21",ESC. PRIM. NIÑOS HEROES,CALLE CENTRAL
"386,00","116,00","10,00",3,"14,96","-92,21",ESC. PRIM. VICENTE GUERRERO,CALLE CENTRAL
"5.836,00","104,00","10,00",2,"14,86","-92,20",CASA EJIDAL DE PAVENCUL,DOMICILIO PAVENCUL
"277,00","0,00","0,00",NULL,"16,35","-92,19",NUEVO REFUGIO,CALZADA SUMIDERO
"20.074,00","70,00","10,00",3,"14,84","-92,19",Unidad Deportiva,"Carretera las Pilas, Camino a las Pilas cruce al Libramiento Sur."
"20.074,00","70,00","10,00",3,"14,84","-92,19",Casa de Cultura,Calle Hidalgo entre Av. 5 de Febrero y Av. Central Norte
"20.074,00","70,00","10,00",3,"14,84","-92,19",Casa dias,AV. 5 de Febrero entre Calle Carranza
"20.074,00","70,00","10,00",3,"14,84","-92,19",Casa Ejidal,Calle Hidalgo entre Av. 5 de Febrero y Av. Central Norte
"759,00","116,00","10,00",3,"14,97","-92,19",ESC. PRIM. LIC. BENITO JUAREZ,"CALLE CENTRAL, FRENTE AL PARQUE"
"20.072,00","68,00","11,00",3,"15,39","-92,19",ESCUELA TELEBACHILLERATO RIVA PALACIO,"AV.HIDALGO OBREGON Y MATAMOROS,COL.CABECERA MUNICIPAL"
"20.122,00","118,00","15,00",3,"16,18","-92,19",salon de actos municipal,calle central
"1.155,00","72,00","11,00",2,"15,22","-92,18",IGLESIA CATOLICA,CALLE PRINCIPAL
"20.122,00","118,00","15,00",3,"16,18","-92,18",SALON DE ACTOS,BARRIO SANTA CECILIA
"20.122,00","118,00","15,00",3,"16,18","-92,18",SALON DE ACTOS,BARRIO GUADALUPE
"20.072,00","68,00","11,00",3,"15,39","-92,18",IGLESIA PRINCIPE DE PAZ,AV. ZARAGOZA No.255 ENTRE CALLE OBREGON Y CALLE CARRANZA
"20.072,00","68,00","11,00",3,"15,39","-92,18",IGLESIA ESPIRITU SANTO,"AV.HIDALGO,CARRANZA Y OBREGON,COL.CABECERA MUNICIPAL"
"20.072,00","68,00","11,00",3,"15,39","-92,18",ESC.PRIM.FRANCISCO I MADERO,"AV.HIDALGO, ALDAMA Y ABASOLO,COL.CABECERA MUNICIPAL"
"20.122,00","118,00","15,00",3,"16,18","-92,18",Salon Santisima Trinidad,Calle sin nombre
"20.072,00","68,00","11,00",3,"15,39","-92,18",CASA SINDICAL DE MAESTROS,CARRETERA FEDERAL MAZAPA-MOTOZINTLA
"20.072,00","68,00","11,00",NULL,"15,39","-92,18",TEMPLO P. ESPIRITU SANTO,AV. HIDALGO S/N
"20.072,00","68,00","11,00",3,"15,39","-92,18",IGLESIA CATOLICA CASA PARROQUIAL,CALLE ALDAMA S/N
"20.072,00","68,00","11,00",3,"15,39","-92,18",ESC. SEC. NIÑOS HEROES,CARRETERA FEDERAL MAZAPA-MOTOZINTLA
"20.122,00","118,00","15,00",3,"16,18","-92,18",salon de Guadalupe,calle real de Guadalupe
"20.072,00","68,00","11,00",3,"15,39","-92,18",TEMPLO PENTECOSTES FUENTE DE AGUA VIVA,AV. HIDALGO S/N
"20.072,00","68,00","11,00",3,"15,39","-92,18",ESC. PRIMARIA JOSE MARIA NUÑIZ,AV. HIDALGO S/N
"20.072,00","68,00","11,00",3,"15,39","-92,18",PRESIDENCIA MUNICIPAL,"AV JUAREZ Y AV HIDALGO,CARRANZA Y OBREGON,COL.CABECERA MUNICIPAL"
"20.072,00","68,00","11,00",3,"15,40","-92,18",COMISARIA EJIDAL,"AV.JUAREZ CARRANZA Y OBREGON,COL.CABECERA MUNICIPAL"
"20.072,00","68,00","11,00",3,"15,40","-92,18",AUDITORIO MUNICIPAL,"AV JUAREZ,CRUZ DE DOMINGUEZ Y ALDAMA,COL.CABECERA MUNICIPAL"
"20.054,00","50,00","10,00",2,"14,78","-92,18",Centro Social,Cabecera Municipal
"6.232,00","72,00","11,00",3,"15,17","-92,18",SALON DE ACTOS,CALLE PRINCIPAL S/N
"250,00","116,00","10,00",3,"14,93","-92,17",ESC. CONALEP,CABECERA MUNICIPAL
"250,00","116,00","10,00",3,"14,94","-92,17",ESC. PRIM. COLEGIO MEXICO,PROLONGACION AV. ALVARO OBREGON
"272,00","30,00","10,00",3,"15,00","-92,17",CASA EJIDALE,EJ.AGUA CALIENTE
"1.605,00","30,00","10,00",3,"15,00","-92,17",Casa ejidal,EJIDO GUATIMOC
"20.076,00","72,00","11,00",2,"15,39","-92,17",Agencia Municipal,Loc. 24 de Febrero
"250,00","116,00","10,00",3,"14,94","-92,17",ESC. SEC. TECNICA Nº 30,"AV. JUAREZ, ENTRE CALLE PRIVADA Y CALLE INDEPENDENCIA"
"20.054,00","50,00","10,00",3,"15,02","-92,17",Casa Ejidal,Ejido Francisco I Madero Frente a la Iglesia Catolica
"250,00","116,00","10,00",3,"14,94","-92,17",SALON SAN JOSE,CalleAllende Poniente entre Av. Obregon Norte y Guerrero Norte.
"20.054,00","50,00","10,00",3,"15,02","-92,17",Esc. Primaria Jaime Nuno,Frente a la Casa Ejidal de Ignacio Zaragoza
"20.054,00","50,00","10,00",3,"15,02","-92,17",Esc. Prim. Angel Albino Corzo,1°Norte y Central Oriente
"20.054,00","50,00","10,00",NULL,"15,02","-92,17",Casa Ejidal,Ejido Francisco I Madero Frente a la Iglesia Catolica
"20.054,00","50,00","10,00",NULL,"15,02","-92,17",Casa Ejidal,Ejido Francisco I Madero Frente a la Iglesia Catolica
"20.108,00","104,00","10,00",3,"15,02","-92,17",Casa de la Cultura,Central Poniente entre 2° Sur y Central Norte
"250,00","116,00","10,00",3,"14,94","-92,17",ESC. PRIM. FRANCISCO SARABIA,AV. DIAZ S/N ENTRE CALLE OCAMPO Y CALLE MADERO
"841,00","30,00","10,00",3,"15,00","-92,17",Casa ejidal,Loc. Benito juarez San Vicente
"1.243,00","116,00","10,00",3,"14,89","-92,17",CASA EJIDAL,CALLE CENTRAL
"20.034,00","30,00","10,00",3,"14,99","-92,17",UNIDAD BASICA DE REHABILIACION,CENTRAL NORTE ENRE 21 Y 23 OTE BARRIO 3 HERMANOS
"20.106,00","102,00","10,00",3,"14,77","-92,17",DIF. MUNICIPAL,Domicilio Conocido
"20.034,00","30,00","10,00",3,"14,99","-92,17",UDITORIO MUNICIPAL,1° NTE. ENTRE 21Y 23 OTE BARRIO 3 HERMANOS
"20.120,00","116,00","10,00",3,"14,94","-92,17",Esc. Prim. Benito Juarez,Ejido Guadalupe Victoria
"20.034,00","30,00","10,00",3,"14,99","-92,16",CASA DE DIA,7° SUR ENTRE CENTRAL Y 2° OTE B ARRIO ALVARO OBREGON
"20.034,00","30,00","10,00",3,"14,99","-92,16",CASA EJIDAL,CENTRAL SUR ESQ. 8° ORIENTE BARRIO ALVARO OBREGON
"20.034,00","30,00","10,00",3,"14,99","-92,16",UDITORIO MUNICIPAL,1° NTE. ENTRE 21Y 23 OTE BARRIO 3 HERMANOS
"250,00","116,00","10,00",3,"14,95","-92,16",ESC. PRIM. CLUB DE LEONES,CALLE NUEVA S/N ENTRE AV. DIAZ Y CAMINO TRAPICHE
"393,00","30,00","10,00",3,"14,99","-92,16",CASA EJIDAL,EJIDO AGUSTIN DE ITURBIDE
"20.034,00","30,00","10,00",3,"14,99","-92,16",JARDIN DE NIÑOS CARLOS PERRAULT,6° CALLE OTE ENTRE 18 Y 20 AV SUR
"588,00","30,00","10,00",3,"15,00","-92,16",CASA EJIDAL,EJIDO ALPUJARRAS
"1.380,00","25,00","11,00",3,"15,45","-92,16",SALON DE ACTOS,"CALLE CENTRAL Y CALLE SALIDA A LA LAGUNA,COL.OJO DE AGUA CENTRO"
"20.029,00","25,00","11,00",3,"15,45","-92,16",AUDITORIO MUNICIPAL,"3RA CALLE Y CALLE SALIDA ALLALINCUN,COL.CENTRO"
"20.029,00","25,00","11,00",3,"15,45","-92,16",AUDITORIO MUNICIPAL,AVENIDA CENTRAL S/N Y CALLE CENTRAL NORTE
"20.120,00","116,00","10,00",2,"14,94","-92,16",Salon san jose,Cabecera Municipal
"20.072,00","68,00","11,00",3,"15,38","-92,16",JARDIN DE NIÑOS EMILIANO ZAPATA,AV. JUAREZ S/N
"1.333,00","116,00","10,00",3,"14,96","-92,15",ESC. PRIM. MEXICO LIBRE,CALLE CENTRAL
"10.584,00","49,00","11,00",3,"15,66","-92,14",ESC. TECNICA N°32,6TA SUR PTE BARRIO CANDELARIA
"4.974,00","49,00","11,00",3,"15,66","-92,14",SALON DE USOS MULTIPLES,EJIDO SINALOA
"4.062,00","49,00","11,00",3,"15,66","-92,14",SALON DE USOS MULTIPLES,EJIDO SAN CARALAMPIO
"1.041,00","49,00","11,00",3,"15,66","-92,14",SALON DE USOS MULTIPLES,CIUDAD COAUTEMOC
"20.038,00","34,00","15,00",3,"16,24","-92,14",INSTALACIONES DE LA FERIA,"11 CALLE SUR PONIETE, FRACC. 1o DE MAYO"
"6.793,00","49,00","11,00",3,"15,66","-92,14",ESC.PRIMARIA JUSTO SIERRA,"3A AV ORIENTE NORTE,BARRIO SANTA CRUZ"
"20.053,00","49,00","11,00",3,"15,66","-92,14",AUDITORIO MUNICIPAL,2 AV PONIENTE NORTE Y 3AV PONIENTE SUR
"20.053,00","49,00","11,00",3,"15,66","-92,14",SALON DE USOS MULTIPLES,EJIDO RODULFO FIGUEROA
"20.123,00","119,00","10,00",2,"15,03","-92,14",once de abril,casa ejidal
"3.096,00","30,00","10,00",3,"14,99","-92,14",CASA EJIDAL,EJIDO UNION ROJA
"20.038,00","34,00","15,00",3,"16,25","-92,13",AUDITORIO ROBERTO BONIFAZ CABALLERO,CALLE CENTRAL LIC. BENITO JUAREZ
"20.025,00","21,00","11,00",3,"15,43","-92,12",IGLESIA CATOLICA SAN JUAN PABLO II,CALLE CENTRAL ENTRE AV CENTRAL S/N COL.CENTRO
"20.025,00","21,00","11,00",3,"15,43","-92,12",AUDITORIO MUNICIPAL,CALLE CENTRAL ENTRE AVENIDA GRIJALVA S/N COL.CENTRO
"20.025,00","21,00","11,00",3,"15,43","-92,12",AUDITORIO MUNICIPAL,AV CENTRAL S/N COL.CENTRO
"2.502,00","21,00","11,00",3,"15,43","-92,12",COMISARIA EJIDAL,AV CENTRAL PONIENTE S/N COL.EJIDO EL PACAYAL
"3.224,00","21,00","11,00",3,"15,43","-92,12",COMISARIA EJIDAL,"CALLE CENTRAL,AVENIDA CENTRAL S/N COL.EJIDO 20 DE NOVIEMBRE"
"2.182,00","21,00","11,00",3,"15,43","-92,12",COMISARIA EJIDAL,"CALLE CENTRAL 1RA AVENIDA N°15,COL.EJIDO NUEVA MORELIA"
"20.025,00","21,00","11,00",3,"15,43","-92,12",COMISARIA EJIDAL,AV CENTRAL PONIENTE S/N COL.EJIDO GUADALUPE VICTORIA
"5.742,00","21,00","11,00",3,"15,43","-92,12",SEGUNDA COMISARIA EJIDAL,ARRIBA DE LA CARRETERA FEDERAL S/N COL.EJIDO NUEVO RECUERDO
"1.921,00","21,00","11,00",3,"15,43","-92,12",COMISARIA EJIDAL,"CALZADA CLINICA UMR,AUN COSTADO CARRETERA BARRIO MONTAÑA,COL.EJIDO MONTE ORDOÑEZ"
"20.076,00","72,00","11,00",3,"15,14","-92,11",COMISARIA EJIDAL,CALLE CENTRAL
"20.038,00","34,00","15,00",3,"16,23","-92,11",DIF MUNICIPAL,CALZADA DEL PANTEON
"20.025,00","21,00","11,00",3,"15,44","-92,11",COMISARIA EJIDAL,"CALLE CENTRAL PONIENTE S/N COL, EJIDO RIO GUERRERO"
"196,00","65,00","13,00",3,"17,69","-92,11",AUDITORIO GANADERO,CENTRO
"210,00","74,00","12,00",3,"16,90","-92,10",ESCUELA CONALEP,"COL. BETANIA, PERIFERICO SUR ORIENTE SUR OTE S/N, ENTRE LA CALLE BETANIA"
"971,00","72,00","11,00",2,"15,30","-92,10",ESCUELA SECUNDARIA BELISARIO DOMINGUEZ,AV EDGAR ROBLERO SANTIAGO Y HERMELINDO HANG COLONIA CENTRO
"210,00","74,00","12,00",3,"16,91","-92,10",AUDITORIO SEC. TEC. 16,"COL. LINDA VISTA, 7 AV. NTE. PTE. ENTRE 1 AV. OTE, NTE."
"7.335,00","67,00","15,00",3,"16,50","-92,10",CASA EJIDAL,SAN ANTONIO BAWITZ
"20.078,00","74,00","12,00",2,"16,92","-92,09",Casa Ejidal,Cabecera Mpal.
"20.078,00","74,00","12,00",2,"16,91","-92,09",CRAE OCOSINGO,Cabecera Municipal
"3.991,00","67,00","15,00",3,"16,57","-92,08",CASA EJIDAL,EJIDO MEXIQUITO
"20.123,00","119,00","10,00",2,"15,06","-92,08",Auditorio Municipal Cab. Mpal.,AV. FRANCISCO JAVIER MINA
"20.059,00","55,00","10,00",3,"15,06","-92,08",CLUB DE LEONES,CALLE CENTRAL Y JUAREZ
"20.123,00","119,00","10,00",2,"15,06","-92,08",salon de iglesia catolica,AV. HIDALGO CALLE AURELIO R.
"20.123,00","119,00","10,00",3,"15,06","-92,08",CASA EJIDAL SANTO DOMINGO,AV. ALDAMA CALLE LAS PALMERAS
"1.754,00","119,00","10,00",2,"15,06","-92,08",Modificar datos/reutilizarlo,ejido talquian
"20.123,00","119,00","10,00",3,"15,06","-92,08",CASA EJIDAL ONCE DE ABRIL,AV. LAZARO CARDENAS DEL RIO
"20.147,00","119,00","10,00",2,"15,03","-92,08",ESC. PRIM. JOSE VASCONCELOS,SANTO DOMINGO
"20.117,00","113,00","15,00",3,"16,12","-92,06",SALON SALOMON GONZALEZ BLANCO,4A. AV. PTE NTE. S/N
"20.117,00","113,00","15,00",3,"16,12","-92,06",SALOMON MONTEBELLO,CALLE CENTRAL S/N
"20.117,00","113,00","15,00",3,"16,12","-92,06",VELATORIO MUNICIPAL,1A. AV. PONIENTE NORTE S/N
"149,00","19,00","12,00",3,"16,74","-92,04",AUDITORIO MUNICIPAL,"COL. CENTRO AV. UBILIO GARCÌA S/N, ENTRE 1 AV. NTE, OTE Y AV. 5 DE MAYO"
"149,00","19,00","12,00",3,"16,74","-92,04",casa dia,"COL. CENTRO, CALLE 2 AV. NTE. ENTRE AV. UBILIO GARCIA Y AV. 5 DE MAYO"
"202,00","129,00","12,00",3,"16,74","-92,04",ESCUELA PRIMARIA,AVENIDA 5 DE MAYO
"3.131,00","49,00","11,00",3,"15,68","-92,02",AUDITORIO,COL.PASO HONDO
"20.060,00","56,00","15,00",NULL,"16,25","-92,02",SALÓN DE USOS MULTIPLES,COLONIA BUENA VISTA C.P. 30173
"20.060,00","56,00","15,00",3,"16,25","-92,02",SALON DE USOS MULTIPLES,CALLE CENTRAL S/N
"20.060,00","56,00","15,00",3,"16,25","-92,02",DIF MUNICIPAL,CALLE CENTRAL
"20.060,00","56,00","15,00",3,"16,25","-92,02",PRESIDENCIA MUNICIPAL,CALLE CENTRAL S/N
"20.035,00","31,00","13,00",3,"17,72","-92,02",ESC. PROF. MIGUEL SALAS ANZURES,R/A BOCA RIO CHICO
"20.035,00","31,00","13,00",3,"17,72","-92,02",ESCUELA EMILIO RABASA,SAN AGUSTIN
"20.035,00","31,00","13,00",3,"17,72","-92,01",ESCUELA PRIMARIA DEL ESTADO POR LA RAZA,AV. COMITÁN / NIÑOS HEROES Y ALDAMA
"20.035,00","31,00","13,00",3,"17,72","-92,01",UNIVERSIDAD MAYA (UNACH),CARRET. CATAZAJA-PQ
"20.035,00","31,00","13,00",3,"17,72","-92,01",COLEGIO DE BACHILLERES DE CHIAPAS PLANTEL Nº9,AV. MOTOLINA
"489,00","31,00","13,00",3,"17,73","-92,01",ESC PRIM JAIME NUNO,LOCALIDAD ALVARO OBREGON 04/11/11
"489,00","31,00","13,00",2,"17,71","-92,01",LOCALIDAD LINDA VISTA II SECC.,salon de usos multiples de la comunidad cuyo
"20.035,00","31,00","13,00",3,"17,72","-92,01",ESC. PRIM. URBANA FEDERAL HEROES DE CHAPULTEPEC,AV. COMITÁN /ABRAHAM LINCON Y NIÑOS HEROES
"20.035,00","31,00","13,00",2,"17,73","-92,01",Casino del Pueblo,El cuyo Alvaro Obregón
"1.390,00","57,00","8,00",2,"17,74","-92,01",NO DISPONIBLE,NO DISPONIBLE
"20.035,00","31,00","13,00",3,"17,72","-92,00",ESCUELA SECUNDARIA TECNICA Nº 18,BOULEVARD TUXTLA GUTUERREZ
"20.035,00","31,00","13,00",3,"17,72","-92,00",ESCUELA CUAUHTEMOC,CUYO SANTA CRUZ
"160,00","31,00","13,00",3,"17,85","-92,00",DIF MUNICIPAL,"BOULEVART TUXTLA GTZ S/N,SAGRADO CORAZON DE JESUS"
"489,00","31,00","13,00",3,"17,85","-92,00",PRIMARIA JAIME NUNO,"CUYO ALVARO OBREGON,CENTRO"
"20.084,00","80,00","13,00",3,"17,51","-91,99",AUDITORIO DE BASQUETBOLL,"CALLE JIMENEZ PERIFERICO NORTE ENTRE CALLE VICENTE GUERRERO,BARRIO GUADALUPE"
"20.084,00","80,00","13,00",3,"17,51","-91,99",ESCUELA FRAY MATIAS DE CORDOVA,PERIFERICO SUR
"20.084,00","80,00","13,00",3,"17,51","-91,99",SECUNDARIA PALENQUE,AVENIDA QUINTA ORIENTE NORTE
"20.084,00","80,00","13,00",3,"17,51","-91,99",COMUNITARIO (CEDECO),CALLE ARBOLEDAS S/N CEDRO Y TULIPANES
"20.084,00","80,00","13,00",3,"17,51","-91,99",PARQUE DE LOS GANADEROS,"PERIFERICO SUR ESQUINA CALLE JIMENEZ,BARRIO PARQUE DE FERIA"
"20.084,00","80,00","13,00",3,"17,51","-91,99",CASINO DE PAKAL NA,CARRETERA CATAZAJA - PAKAL NA
"20.071,00","67,00","15,00",3,"16,32","-91,99",Salon de Usos Multiples Sacsalum,Barrio Sacsalum
"20.071,00","67,00","15,00",2,"16,31","-91,99",barrio los pozitos,EJIDO LEYVA VELAZQUEZ
"20.071,00","67,00","15,00",3,"16,32","-91,99",Auditorio Mpal.Adalberto Culebro,3A. NORTE PONIENTE S/N
"20.071,00","67,00","15,00",3,"16,32","-91,99",CASA EJIDAL,EJIDO NUEVO MOMON
"20.071,00","67,00","15,00",3,"16,32","-91,99",SALÓN DE USOS MULTIPLES,1ª CALLE SUR ORIENTE CENTRO
"20.071,00","67,00","15,00",3,"16,32","-91,99",CASA EJIDAL,EJIDO NUEVO SAN JUAN CHAMULA
"20.071,00","67,00","15,00",3,"16,32","-91,99",SALÓN DE USOS MULTIPLES,SOBRE EL BOULEVARD DEL SOL BARRIO SACSALUM
"20.084,00","80,00","13,00",2,"17,52","-91,99",Unidad Municipal de Protección Civil,Cabecera Municipal
"20.071,00","67,00","15,00",3,"16,31","-91,99",SALÓN DE USOS MULTIPLES,ENTRE 11ª C SUR PTE Y 4ª AV PTE SUR
"20.071,00","67,00","15,00",3,"16,31","-91,98",SALON LA PILA,"BARRIO LA PILA, FRENTE AL PARQUE"
"20.071,00","67,00","15,00",3,"16,32","-91,98",SALON GUADALUPE,"BARRIO GADALUPE, PARQUE DE GUADALUPE"
"20.071,00","67,00","15,00",NULL,"16,32","-91,98",CASA EJIDAL,EJIDO MEXIQUITO
"20.084,00","80,00","13,00",3,"17,50","-91,98",ESCUELA FRAY MATIAS DE CORDOVA,PERIFERICO SUR
"20.071,00","67,00","15,00",3,"16,32","-91,98",SALÓN SOCIOCULTURAL,Zona Centro a un lado del Palacio Mpal.
"20.071,00","67,00","15,00",3,"16,32","-91,98",CASA EJIDAL,2ª AV ORIENTE SUR ZONA CENTRO
"12.249,00","67,00","15,00",3,"16,31","-91,98",Salón de Usos Multiples San Sebastian,Barrio San Sebastian
"20.117,00","113,00","15,00",3,"16,31","-91,98",CASA EJIDAL,COLONIA CENTRO
"20.071,00","67,00","15,00",3,"16,32","-91,98",Salón de Usos Multiples Los Positos,Barrio Los Positos
"20.071,00","67,00","15,00",3,"16,32","-91,97",AUDITORIO MUNICIPAL,3ª CALLE NTE PONIENTE Y 4ª AV PTE NORTE BARRIO SACSALUM
"20.060,00","56,00","15,00",3,"16,53","-91,78",SALÓN DE USOS MULTIPLES,BARRIO SAN FERMÍN C.P. 30170
"20.060,00","56,00","15,00",3,"16,53","-91,77",SALÓN DE USOS MULTIPLES,CALVARIO C.P. 30176
"20.060,00","56,00","15,00",3,"16,53","-91,77",SALÓN DE USOS MULTIPLES,DIVISORIO CENTRO C.P. 30176
"20.060,00","56,00","15,00",3,"16,53","-91,77",SALÓN DE USOS MULTIPLES,COLONIA BUENA VISTA C.P. 30173
"20.060,00","56,00","15,00",3,"16,53","-91,77",SALÓN DE USOS MULTIPLES,COLONIA LA PATRIA C.P. 30174
"20.060,00","56,00","15,00",3,"16,53","-91,77",SALÓN DE USOS MULTIPLES,FRANCISO SARABIA C.P. 30173
"2.112,00","67,00","15,00",3,"16,33","-91,74",SALON DE USOS MULTIPLES,ENTRE 1ªCALLE SUR OTE Y 2ªC SUR OTE BARRIO LOS POSITOS
"196,00","65,00","13,00",3,"17,69","-91,72",DIF MUNICIPAL,7TA PONIENTE NORTE ENTRE 4TA Y 5TA AV SUR
"20.069,00","65,00","13,00",3,"17,69","-91,72",PALACIO MUNICIPAL,CALLE CENTRAL ENTRE AV. CENTRAL NORTE Y 1ra. AVENIDA SUR
"20.069,00","65,00","13,00",3,"17,69","-91,72",DIF Y CASA DIA,COLONIA CHACAMAX
"20.069,00","65,00","13,00",3,"17,69","-91,72",AUDITORIO GANADERO,AV. CENTRAL ENTRE CALLE CENTRAL
"20.069,00","65,00","13,00",3,"17,69","-91,72",CASINO DEL PUEBLO,5ta. AVENIDA SUR ENTRE 3ra. Y 4ta. PONIENTE NORTE
"20.035,00","31,00","13,00",3,"17,69","-91,72",ESCUELA PRIM. DR. BELISARIO PALENCIA,0
"20.069,00","65,00","13,00",3,"17,69","-91,72",CENTRO DE SALUD,CALLE 1ra. AVENIDA SUR ENTRE 2ª. Y 3ra. PONIENTE NORTE
"20.069,00","65,00","13,00",3,"17,69","-91,72",ESCUELA PRIM. DR. BELISARIO PALENCIA,"CALLE 2DA. PONIENTE, COL. CENTRO"
"196,00","65,00","13,00",3,"17,69","-91,72",CASINO DEL PUEBLO,"5TA AVENIDA SUR 3RA Y 4TA PONIENTE NORTE,PUEBLO NUEVO"
"5.599,00","67,00","15,00",3,"16,38","-91,71",CASA EJIDAL,SAN ISIDRO
"9.206,00","67,00","15,00",3,"16,38","-91,67",SALON DE USOS MULTIPLES,ENTRE AV CENTRAL NORTE Y 12ª CALLE NORTE ORIENTE BARRIO GUADALUPE
"406,00","67,00","15,00",3,"16,09","-91,65",CAS EJIDAL,AMPARO AGUA TINTA
"406,00","67,00","15,00",3,"16,09","-91,65",SALON DE ACTOS,AMPARO AGUA TINTA
"4.057,00","67,00","15,00",3,"16,14","-91,44",SALON DE ACTOS,NUEVO SAN JUAN CHAMULA
"3.961,00","67,00","15,00",3,"16,16","-91,41",CASA EJIDAL,EJIDO NUEVO HUIXTAN
"6.107,00","67,00","15,00",3,"16,13","-91,36",CASA EJIDAL,SAN PEDRO YUTNIOTIC
"20.134,00","130,00","12,00",3,"16,27","-90,90",CASA EJIDAL,AV. JUAN SABINES CALLE COLIMA COLONIA GUADALUPE
"20.134,00","130,00","12,00",3,"16,27","-90,90",AUDITORIO DE USOS MULTIPLES,CALLE PRINCIPAL
"20.134,00","130,00","12,00",3,"16,27","-90,90",DIF MUNICIPAL,"COL. JALAPA, CALLE JALAPA S/N"
"156,00","128,00","12,00",3,"16,52","-90,66",SALON BENITO JUAREZ,"COL. BARRIO LAS AMÈRICAS, CALLE ROBERTO ALBORES GUILLEN, AV. 21 DE MARZO"
"156,00","128,00","12,00",NULL,"16,52","-90,66",ESC. EMILIANO ZAPATA,"COL. BARRIO LAS AMÈRICAS, CALLE ROBERTO ALBORES GUILLEN, AV. 21 DE MARZO"
"156,00","128,00","12,00",3,"16,52","-90,66",ESC. EMILIANO ZAPATA,"COL. BARRIO LAS AMÈRICAS, CALLE ROBERTO ALBORES GUILLEN, AV. 21 DE MARZO"
"156,00","128,00","12,00",3,"16,52","-90,66",DOMO DEL PARQUE CENTRAL,"COL BARRIO LAS AMÉRICAS, CALLE ROBERTO ALBOREZ GUILLEN, AV. 21 DE MARZO"
"489,00","31,00","13,00",NULL,"17,85","-92,00",PRIMARIA JAIME NUNO,"CUYO ALVARO OBREGON,CENTRO"
"10.708,00","42,00","1,00",4,"16,71","-93,01",CONALEP,CALLE LA LIBERTAD No 564 ESQ LIB SUR
"210,00","74,00","12,00",3,"16,91","-92,09",GANADERA LOCAL,"COL. BARRIO NUEVO, ENRE LA 5AV. Y 6 AV. SUR"
"20.143,00","20.139,00","2,00",2,"16,56","-94,05",auditorio rizo de oro,Belizario dominguez
"6.343,00","32,00","2,00",3,"16,52","-93,96",CASA EJIDAL,"COL. VISTA HERMOSA, CENTRO DE LA COLONIA"
"6.316,00","32,00","2,00",3,"16,48","-93,92",CASA EJIDAL,LOC. VILLA MORELOS AV. CENTRAL ENTRE LA CALLE CENTRAL
"20.028,00","24,00","9,00",3,"16,23","-93,91",ESC. HERMENEGILDO,DOMICILIO CONOCIDO EJIDO LAZARO CARDENAS
"20.028,00","24,00","9,00",3,"16,24","-93,90",CASA EJIDAL,DOMICILIO CONOCIDO
"20.028,00","24,00","9,00",3,"16,24","-93,90",ESC PRIMARIA JUSTO SIERRA,DOMICILIO CONOCIDORANCHERIA LAS ARENAS
"20.028,00","24,00","9,00",3,"16,24","-93,90",ESC. PRIMARIA ADOLFO RUIZ CORTES,DOMICILIO CONOCIDO
"20.028,00","24,00","9,00",NULL,"16,24","-93,90",ESC.PRIMARIA NARCISO MENDOZA,DOMICILIO CONOCIDO
"20.028,00","24,00","9,00",3,"16,24","-93,90",ESC.PRIMARIA NARCISO MENDOZA,DOMICILIO CONOCIDO
"20.028,00","24,00","9,00",NULL,"16,23","-93,90",ESC. PRIMARIA 22 DE SEPTIEMBRE,DOMICILIO CONOCIDO
"20.028,00","24,00","9,00",3,"16,23","-93,90",ESC. PRIMARIA 22 DE SEPTIEMBRE,DOMICILIO CONOCIDO
"20.028,00","24,00","9,00",3,"16,23","-93,90",ESC. PRIM. FRANCISCO I. MADERO,COL CENTRO
"20.028,00","24,00","9,00",3,"16,23","-93,90",UNIDAD DEPORTIVA,CARRETERA PANAMERICANA
"20.028,00","24,00","9,00",3,"16,24","-93,90",ESC. PRIMARIA MIGUEL H. COSTILLA,DOMICILIO CONOCIDO
"20.028,00","24,00","9,00",3,"16,23","-93,90",ESC. PRIMARIA RAFAEL RAMIREZ,RANCHERIA OAXAQUITA
"20.028,00","24,00","9,00",3,"16,23","-93,90",CASA EJIDAL,DOMICILIO CONOCIDO
"8.384,00","24,00","9,00",3,"16,23","-93,90",ESC. PRIMARIA RIBEN M. RICON COUTIÑO,COL. PESQUERA LA GLORIA
"20.028,00","24,00","9,00",3,"16,24","-93,90",ESC. PRIMARIA,PESQUERIA PINTA FLOR
"6.448,00","24,00","9,00",3,"16,24","-93,90",CES. PRIMARIA MIGUEL HIDALGO Y COSTILLA,COL. VILLA DEL MAR
"20.028,00","24,00","9,00",3,"16,23","-93,90",ESCU. PRIMARIA BELIZARIO DOMINGUEZ,DOMICILIO CONOCIDO POBLADO CALERA
"1.829,00","24,00","9,00",2,"16,23","-93,90",CASA EJIDAL,EJIDO 5o.. DE MAYO
"20.028,00","24,00","9,00",3,"16,24","-93,90",AUDITORIO ANGUEL ALBINO CORZO,2A ORIENTE ENTRE 1AY 3A NORTE
"20.028,00","24,00","9,00",3,"16,24","-93,90",ESC.PRIMARIA VENUSTIANO CARRANZA,3A ORTE S/N COL. CENTRO
"4.083,00","24,00","9,00",3,"16,23","-93,90",ESC. JUAQUIN GUTIERREZ,DOMICILIO CONOCIDO COL. NICOLAS BRAVO
"20.028,00","24,00","9,00",2,"16,24","-93,89",IGLESIA ADVENTISTA 7 DIA,CABECERA MUNICIPAL
"4.083,00","24,00","9,00",3,"16,24","-93,89",ESC. PRIMARIA CLUB DE LEONES,DOMICILIO CONOCIDO COL. NICOLAS BRAVO
"20.028,00","24,00","9,00",3,"16,23","-93,89",ESC.PRIMARIA 24 DE FEBRERO,DOMICILIO CONOCIDO
"2.580,00","24,00","9,00",2,"16,24","-93,89",IGLESIA LOS MORMONES,COL. EMILIANO ZAPATA
"20.028,00","24,00","9,00",2,"16,23","-93,89",IGLESIA BAUTISTA EMANUEL,CABECERA MUNICIPAL
"20.028,00","24,00","9,00",3,"16,24","-93,89","ESC. PRIMARIA ANGUEL M, CORZO",DOMICILIO CONOCIDO
"2.580,00","24,00","9,00",2,"16,24","-93,89",CASA EJIDAL,COL. EMILIANO
"2.580,00","24,00","9,00",2,"16,23","-93,88",CASA PARTICULAR,COL. EMILINO ZAPATA
"1.456,00","89,00","8,00",2,"15,92","-93,88",JARDIN DE NIÑOS FRANCISCO CONTRERAS GALVEZ,NO DISPONIBLE
"20.115,00","111,00","9,00",3,"16,07","-93,81",UNACH CAMPUS IX,CARRETERA TONALA PAREDON 3.5
"20.115,00","111,00","9,00",3,"16,07","-93,81",AUDITORIO DEPORTIVO,CARRETERA TONALA PAREDON 3.5
"20.115,00","111,00","9,00",3,"16,07","-93,81",SALON DE ACTOS BARTOLO ARCE LUJAN,CALLE NIÑOS HEROES
"3.398,00","32,00","2,00",3,"16,60","-93,79",CASA EJIDAL,COL. LAZARO CARDENAS CALLE CENTRAL Y CARRETERA INTERNACIONAL
"3.819,00","32,00","2,00",3,"16,66","-93,79",CASA EJIDAL,EJIDO MERIDA AVENIDA CENTRAL Y 1 RA. SUR
"5.035,00","32,00","2,00",3,"16,72","-93,78",CASA EJIDAL,"COL. JACINTO TIRADO, CALLE PRINCIPAL"
"20.119,00","115,00","1,00",4,"16,09","-93,78",CASA DEL ABUELO,"Andador los Cocos No. 42, Colonia Albania Baja"
"6.090,00","32,00","2,00",3,"16,77","-93,77",CASA EJIDAL,"COL. TRIUNFO DE MADERO, CALLE PRINCIPAL"
"20.036,00","32,00","2,00",3,"16,64","-93,77",ESC.PRIM FRAY BARTOLOME DE LAS CASAS,CARRETERA INTERNACIONAL KIL.1001
"20.036,00","32,00","2,00",3,"16,64","-93,77",ESC. PRIM. 1o. DE MAYO,12ª. Sur Y 7ª. Poniente Barrio Pomposo.
"20.036,00","32,00","2,00",3,"16,64","-93,76",ESC. SEC. FRAL. RODOLFO FIGUEROA ESQUINCA,Carret.Internacional Kil.1003
"20.036,00","32,00","2,00",3,"16,64","-93,76",ESC.SEC. JOSE EMILIO GRAJALES,12ª. Sur Y 7ª. Poniente Barrio Pomposo
"20.115,00","111,00","9,00",2,"16,08","-93,76",Salon de los Testigos de Jehova,CABECERA MUNICIPAL
"20.115,00","111,00","9,00",3,"16,09","-93,76",IGLESIA EL NASARENO,CALLE C.JUARES
"20.115,00","111,00","9,00",3,"16,08","-93,76",CASA EJIDAL,DOMICILIO CONOCIDO
"20.115,00","111,00","9,00",NULL,"16,09","-93,76",ESC. “TELESECUNDARIA Nº 729” (RANCHERIA EL MANGUITO).,0
"20.036,00","32,00","2,00",3,"16,64","-93,76",ESC. PRIM. JOSEFA ORTIZ DE DOMINGUEZ,12ª. Sur Y 9ª. Oriente Esq.
"20.115,00","111,00","9,00",2,"16,08","-93,76",Salón Guadalupe,CABECERA MUNICIPAL
"20.115,00","111,00","9,00",3,"16,08","-93,76",“SALON ALVAREZ MANUEL”,FRANCISCO SARAVIA
"20.036,00","32,00","2,00",3,"16,64","-93,76",CEBECH LIC. EMILIO RABASA,3ª. Oriente Sur.
"20.115,00","111,00","9,00",3,"16,08","-93,76",ES. PRIM. ANGEL ALBINO CORZO,LIBERTASD #98
"20.028,00","24,00","9,00",3,"16,08","-93,76",ESC.PRIMARIA UNION Y FUERZA,DOMICILIO CONOCIDO
"7.717,00","111,00","9,00",3,"16,09","-93,76",JARDIN DE NIÑOS Y ÑIÑAS “GUSTAVO FLAUBERT”,COL. CENTRO
"20.115,00","111,00","9,00",3,"16,09","-93,76",JARDIN DE NIÑOS Y NIÑAS RAUL AMADOR CORDERO,DOMICILIO CONOCIDO
"20.115,00","111,00","9,00",3,"16,08","-93,76",ESC.TELE SECUNDARIA,DOMICILIO CONOCIDO
"20.036,00","32,00","2,00",3,"16,64","-93,76",ASOCIACION GANADERA LOCAL,Carret.Internacional Kil.1005
"171,00","32,00","2,00",2,"16,65","-93,76",CASA EJIDAL,1A. SUR ENTRE 5A. Y 6A. PONIENTE TENOCHTITLAN
"20.115,00","111,00","9,00",3,"16,08","-93,76",CASA EJIDAL,CALLE HIDALGO ENTRE CALLEJON FERROCARRRIL
"20.115,00","111,00","9,00",3,"16,09","-93,76",CONALEP,CARRETERA TONALA PAREDONKM . 2
"20.115,00","111,00","9,00",3,"16,09","-93,76",PREPARATORIA TONALA,CALLE MIGUEL LOPEZ NEGRETE
"20.115,00","111,00","9,00",3,"16,09","-93,76",“IGLESIA DE SAN PEDRO”,CALLE HIDALGO ENTRE AV DEL MAESTRO ESQUINA
"7.717,00","111,00","9,00",3,"16,09","-93,76",ESC. PRIM. “DIONICIO RAMOS DOMINGUEZ”,DOMICILIO CONOCIDO
"20.115,00","111,00","9,00",2,"16,08","-93,76",CASA DIA,CABECERA MUNICIPAL
"20.028,00","24,00","9,00",3,"16,08","-93,75",ESC. JOSE MARIA MOLELOS Y PAVON,DOMICILIO CONOCIDO
"20.115,00","111,00","9,00",3,"16,09","-93,75",JARDIN DE NIÑOS Y NIÑAS “HELLEN KELLER”,DOMICILIO CONOCIDO
"20.115,00","111,00","9,00",3,"16,09","-93,75",AGENCIA MUNICIPAL PAREDON,AV. 5 DE MAYO
"20.036,00","32,00","2,00",3,"16,65","-93,75",AUDITORIO MUNICIPAL,Carr. Panam Km. 1006
"20.115,00","111,00","9,00",3,"16,08","-93,75",ESC.TELE SECUNDARIA #238,DOMICILIO CONOCIDO
"20.115,00","111,00","9,00",3,"16,08","-93,75",ESC. “TELESECUNDARIA Nº 729”,RANCHERIA EL MANGUITO
"20.115,00","111,00","9,00",3,"16,08","-93,75",CBTIS,CARRETERA TONALA PAREDON 3.6
"20.115,00","111,00","9,00",3,"16,09","-93,75",ESC. PRIM. “MANUEL DE JESUS CANCINO”,DOMICILIO CONOCIDO
"20.115,00","111,00","9,00",3,"16,09","-93,75",TELESECUNDARIA,DOMICILIO CONOCIDO
"20.115,00","111,00","9,00",2,"16,09","-93,75",Salón de Usus Multiples Joaquin Miguel Gutz.,CABECERA MUNICIPAL
"20.115,00","111,00","9,00",3,"16,09","-93,75",SALON EJIDAL” (EJIDO LOS COCOS EST. TRES PICOS).,C. FRANCISCO RUIZ GRAJALES
"20.115,00","111,00","9,00",3,"16,09","-93,75",ESC. PRIM.JOSE MARIA CACERES.,CABECERA MUNICIPAL
"20.115,00","111,00","9,00",3,"16,08","-93,75",SALON GUADALUPE,AV REVOLUCION S/N
"20.115,00","111,00","9,00",3,"16,08","-93,75",SALON JOAQUIN MIGUEL GUTIERREZ.,0
"20.115,00","111,00","9,00",3,"16,09","-93,75",ESC. PRIM. BENITO JUAREZ,DOMICILIO CONOCIDO
"2.580,00","24,00","9,00",3,"16,08","-93,75",ESC. PRIM. EMILIANO ZAPATA,LOCALIDAD EMILIANO ZAPATA
"20.115,00","111,00","9,00",3,"16,09","-93,75",ESC. PRIM. “VALENTIN GOMEZ FARIAS”,DOMICILIO CONOCIDO
"3.034,00","32,00","2,00",3,"16,68","-93,73",CASA EJIDAL CABECERA,"COL. FRANCISCO IMADERO, AVENIDA CENTRAL Y 1 RA. SUR"
"2.724,00","32,00","2,00",3,"16,69","-93,73",CASA EJIDAL,"COL. EMILIANO ZAPATA, CALLE PRINCIPAL"
"20.036,00","32,00","2,00",3,"16,70","-93,72",CASA DE LA CULTURA,1RA. AVE. NORTE Y 1OTE. CENTRO
"20.036,00","32,00","2,00",3,"16,69","-93,71",CASA EJIDAL CABECERA,CARRETERA PANAMERICANA KM. 1006
"4.920,00","61,00","2,00",2,"16,69","-93,71",Esc. Primaria Ignacio Ramirez Calzada,Com.Tiltepec
"20.036,00","32,00","2,00",3,"16,65","-93,65",C.B.T.A. No. 24,Carret. Internacional kil. 1002
"20.065,00","61,00","2,00",2,"16,66","-93,65",Esc. Prep. Juan Sabines de Tiltepec,CABECERA MUNICIPAL
"20.065,00","61,00","2,00",2,"16,67","-93,65",CASA EJIDAL,EJIDO TIERRA Y LIBERTAD
"20.065,00","61,00","2,00",3,"16,67","-93,65",CASA EJIDAL,"1RA. AVENIDA NORTE, ENTRE CALLE CENTRAL Y 1RA. ORIENTE, CENTRO"
"190,00","61,00","2,00",3,"16,67","-93,65",ESC.SEC.DR.BELISARIO DOMINGUEZ,1A Y 2A. ORIENTE BULEVARD GALDINO RIOS
"20.065,00","61,00","2,00",2,"16,66","-93,65",ESC.PRIM. ESCUADRON 201,EJIDO TIERRA Y LIBERTAD
"20.065,00","61,00","2,00",3,"16,67","-93,65",DIF. MUNICIPAL,"BOULEVARD, FRENTE AL FRACCIONAMIENTO JUAN SABINES"
"20.065,00","61,00","2,00",3,"16,67","-93,65",AUDITORIO MUNICIPAL,"BOULEVARD, FRENTE AL FRACCIONAMIENTO JUAN SABINES"
"20.065,00","61,00","2,00",3,"16,67","-93,65",AUDITORIO MUNICIPAL DE BASQUET- BOL,BOULEVARD JUAN SABINES
"20.065,00","61,00","2,00",3,"16,67","-93,65",ESCUELA PRIMARIA LEONA VICARIO,BOULEVARD JUAN SABINES
"20.065,00","61,00","2,00",NULL,"16,67","-93,65",ORGANIZACION JIQUIPILAS A.C. (OJAC),1A. NORTE S/N ZONA CENTRO
"20.036,00","32,00","2,00",3,"16,67","-93,64",C.B.T.I.S. No. 169,Carretera Internacional km.1006
"20.036,00","32,00","2,00",3,"16,67","-93,64",ESC. NORMAL DEL OCCIDENTE DE CHIAPAS,COL. JUAN SABINES
"20.065,00","61,00","2,00",3,"16,67","-93,64",ESCUELA PRIMARIA IGNACIO MANUEL ALTAMIRANO,1A. ORIENTE NORTE COL. JUAN SABINES
"20.065,00","61,00","2,00",3,"16,67","-93,64",ESC. PRIMARIA JOSE MARIA NUÑIZ,1A. ORIENTE SUR ENTRE AV. CTRAL. Y 1A. SUR
"20.065,00","61,00","2,00",3,"16,67","-93,63",ESC.PRIMARIA EMILIO RABASA,1A. PONIENTE No.32
"20.142,00","20.138,00","3,00",2,"17,19","-93,60",cabecera municipal,esc. Primaria Lazaro Cardenas
"238,00","101,00","1,00",3,"16,37","-93,55",auditorio municipal profesor rene solis gamboa,carretera tuxtla suchiapa km 17
"20.390,00","20.138,00","3,00",3,"16,97","-93,47",SALON IGLESIA ADVENTISTA,NO LA PROPORCIONARON
"20.384,00","20.138,00","3,00",3,"16,98","-93,45",SALON DE USOS MULTIPLES,PIRAMIDE BAJA
"16.997,00","32,00","2,00",3,"16,40","-93,44",CASA EJIDAL CABECERA,"BARRIO SAN MARTIN, 1RA. AVENIDA SUR Y 6TA. PTE."
"20.390,00","20.138,00","3,00",3,"16,98","-93,44",SALON SUTERM,"LINDA VISTA, RAUDALES MALPASO"
"6.874,00","122,00","6,00",3,"16,47","-93,44",Casa Ejidal Nuevo Mexico,"Domicilio Conocido, Carretera Villaflores - Ocozocoutla km 53, C.P. 30496, Col. Nuevo Mexico, Mpio. de Villaflores, Chiapas."
"20.389,00","20.138,00","3,00",3,"16,99","-93,44",ASOCIACIÓN GANADERA,LOMA BONITA
"20.143,00","20.139,00","2,00",3,"16,66","-93,42",REUTOLIZAR,ubicado en la cabecera Mpal. Col. Rodulfo Figueroa
"13.852,00","107,00","3,00",2,"17,19","-93,39",CASA EJIDAL,SAN MIGUEL EUREKA 16/12/11
"13.852,00","107,00","3,00",2,"17,19","-93,38",CASA EJIDAL,CABECERA MUNICIPAL
"20.080,00","76,00","2,00",3,"16,76","-93,38",MUSEO ZOQUE,Explanada feria lado pte.
"20.080,00","76,00","2,00",3,"16,76","-93,38",AUDITORIO MUNICIPAL,"7A PONIENTE Y AV CENTRAL, COLONIA SAN RAMON"
"20.080,00","76,00","2,00",3,"16,76","-93,38",CASA DE DIA,7A PONIENTE Y 1A NORTE
"20.080,00","76,00","2,00",3,"16,76","-93,37",DIF. MUNICIPAL,CALLE CENTRAL Y 10A NORTE
"20.080,00","76,00","2,00",3,"16,76","-93,37",CASA DEL REFUGIO,5A ORIENTE Y 5A SUR
"20.115,00","111,00","9,00",3,"15,95","-93,37",ESC. PRIMARIA EMILIANO ZAPATA,CALLJON BRABO
"20.080,00","76,00","2,00",3,"16,76","-93,36",AUDITORIO MUNICIPAL,Explanada feria lado pte.
"10.973,00","32,00","2,00",2,"16,76","-93,36",Auditorio Municipal,Col. San Marcos
"20.080,00","76,00","2,00",2,"16,74","-93,34",Escuela de Protección Civil,Aeropuerto Llano San Juan-Carretera Tuxtla -Coita
"20.081,00","77,00","8,00",3,"17,41","-93,34",ESCUELA PRIMARIA PATRIA Y LIBERTAD,REVOLUCION MEXICANA
"5.768,00","77,00","8,00",2,"17,41","-93,34",escuela primaria belisario dominguez,cabecera municipal
"5.768,00","77,00","8,00",2,"17,41","-93,34",escuela primaria belisario dominguez,cabecera municipal
"20.081,00","77,00","8,00",3,"17,41","-93,34",Fermentadora de Cacao La Providencia,Ejido Viejo Xochimilco
"20.081,00","77,00","8,00",3,"17,41","-93,34",Casa Ejidal,"Cabecera Municipal, Col. Centro"
"20.081,00","77,00","8,00",3,"17,41","-93,34",Casa Ejidal,Ejido Viejo Xochimilco
"20.081,00","77,00","8,00",2,"17,40","-93,34",COMUNIDAD GUADALUPE VICTORIA,IGLESIA CATOLICA
"20.081,00","77,00","8,00",2,"17,41","-93,34",casa dia,col milenio
"20.081,00","77,00","8,00",3,"17,40","-93,34",AUDITORIO MUNICIPAL,"COL. CENTRO, CALLE ITURBIDE S/N, ENTRE CALLE A. FRANCISCO I. MADERO"
"3.187,00","77,00","8,00",3,"17,41","-93,34",CASA EJIDAL,Col. Amacohite
"20.081,00","77,00","8,00",2,"17,41","-93,34",Auditorio Municipal Cab. Mpal.,cabecera municipal
"20.052,00","48,00","3,00",3,"17,22","-93,34",Escuela Telesecundaria #653,DOMICIOLIOP CONOCIDO
"20.081,00","77,00","8,00",3,"17,40","-93,34",Iglesia Pentecostes Cristo la Roca,Andador Principal Barrio el Ambar
"2.641,00","77,00","8,00",3,"17,41","-93,33",CASA EJIDAL,Col. Nuevo Guadalupe Victoria
"20.081,00","77,00","8,00",3,"17,41","-93,33",Casa Ejidal,Ejido Nuevo Xochimilco
"20.081,00","77,00","8,00",2,"17,41","-93,33",escuela prim. patria y libertad,cabecera municipal
"20.081,00","77,00","8,00",3,"17,40","-93,33",Casa Ejidal,Ejido Linda Vista
"20.081,00","77,00","8,00",3,"17,41","-93,33",Iglesia Catolica San Pablo Apostol,Av. Francisco I Madero Y Constitución
"20.081,00","77,00","8,00",3,"17,41","-93,32",Iglesia Pentecostes Filadelfia,Av. Vicente Guerrero
"20.052,00","48,00","3,00",3,"17,34","-93,32",Salón de usos Múltiples de la Iglesia Católica santa Maria Magdalena,DOMICILIO CONOCIDO
"20.111,00","107,00","3,00",3,"17,14","-93,31",Auditorio Municipal,4ta.PTe. Sur S/n rumbo al panteón
"20.111,00","107,00","3,00",3,"17,14","-93,31",CASA EJIDAL,"2da.Pte entre 3ra. y 4ta sur ote,Barrio el posito"
"20.052,00","48,00","3,00",3,"17,34","-93,31",Escuela Primaria Bilingüe 20 de noviembre de San José maspac,DOMICILIO CONOCIDO
"20.027,00","23,00","6,00",3,"16,46","-93,28",BODEGA DE CAFÉ,AV SEXTA NTE OTE BODEGA CAFÉ CALIFORNIA A 100 MTS DE LA SECUNDARIA TEC-06
"20.031,00","27,00","1,00",2,"16,80","-93,28",VILLA CRISOL,KIL.17.5 CARRETERA TUXTLA-BERRIOZABAL(VIEJA).
"20.126,00","122,00","6,00",3,"16,23","-93,27",Casa Ejidal Villaflores,"C. Central Sur Esquina entre Av 2a Sur y 3a Sur s/n, Col. Centro, C.P. 30470, Villaflores, Chiapas."
"20.126,00","122,00","6,00",3,"16,23","-93,27","Auditorio Municipal Villaflores ""Alfonso Macias Zebadua""","C. 6a Sur Ote s/n, Col. San Carlos, C.P. 30470, Villaflores, Chiapas."
"20.126,00","122,00","6,00",2,"16,23","-93,27",CASA DIA,CABECERA MUNICIPAL
"20.031,00","27,00","1,00",2,"16,80","-93,27",AUDITORIO MUNICIPAL,6ª. ORIENTE SUR S/N
"18.210,00","122,00","6,00",3,"16,23","-93,27",CASA DE DIA,"Fracc la Sirena, C.P. 30470"
"20.125,00","121,00","6,00",3,"16,18","-93,27",CASA EJIDAL,"1A ORIENTE Y AV CENTRAL, SAN PEDRO BUENAVISTA"
"20.125,00","121,00","6,00",3,"16,18","-93,27",CASA DE LA CULTURA,"CALLE CENTRAL,FRENTE AL PARQUE,REVOLUCION MEXICANA"
"20.125,00","121,00","6,00",3,"16,18","-93,27",CENTRO SOCIAL,CALLE CENTRAL FRENTE AL PARQUE REVOLUCION MEXICANA
"9.207,00","121,00","6,00",3,"16,18","-93,27",CENTRO SOCIAL,AV CENTRAL A 10 MTROS DEL PARQUE NUEVO VICENTE GUERRERO
"20.088,00","84,00","9,00",2,"15,72","-93,26",CASA DE ANCIANOS,COL. EL LLANITO
"20.031,00","27,00","1,00",3,"16,79","-93,26",CENTRO SOCIAL,CALLE CENTRAL
"20.027,00","23,00","6,00",3,"16,49","-93,26",CASA EJIDAL,1AV SUR 2Y3 SUR
"1.071,00","60,00","8,00",2,"16,91","-93,24",Casa de Salud,Ejido el llano
"17.388,00","84,00","9,00",3,"15,68","-93,22",COBACH PLANTEL 04,5A. SUR OTE S/N
"251,00","115,00","1,00",4,"16,67","-93,22",ESTANCIA UNA NOCHE DIGNA,Av. Cascajo #20 entre Paseo de Las Primaveras y Paseo de Los Fresnos 2a Sección Colonia El Mirador
"20.088,00","84,00","9,00",3,"15,68","-93,22",IGLESIA VIRGEN DEL CARMEN,RANCHERIA VILLAHERMOSA
"20.088,00","84,00","9,00",2,"15,69","-93,22",MANCOMUN DEL PUEBLO,"Calle Central sur,"
"20.088,00","84,00","9,00",2,"15,69","-93,22",ESC. PRIM. JAIME NIÑO,RANCHERIA LA GARZA
"20.088,00","84,00","9,00",3,"15,68","-93,22",ESC. ADOLFO LOPEZ MATEOS,NUEVA URBINA
"3.939,00","84,00","9,00",3,"15,69","-93,22",ESC. CASA EJIDAL,EJIDO STA. VIRGINIA___
"20.142,00","20.138,00","3,00",2,"17,11","-93,22",Preparatoria Nezahuatlcoyotl,Cabecera Municipal
"20.142,00","20.138,00","3,00",2,"17,11","-93,22",Dif Municipal,Cabecera Municipal
"20.088,00","84,00","9,00",3,"15,68","-93,22",SALON DE EVENTOS,COL.SAN ISIDRO
"1.679,00","84,00","9,00",3,"15,68","-93,22",ESC. CASA EJIDAL,EJIDO JOAQUIN MIGUEL GUTIERREZ
"20.088,00","84,00","9,00",3,"15,68","-93,21",UNACH CAMPUS VI,COL GUADALUPE (EL LLANITO
"2.552,00","84,00","9,00",3,"15,68","-93,21",CASA EJIDAL,EJIDO SALTO DE AGUA__
"17.135,00","84,00","9,00",3,"15,68","-93,21",CASA EJIDAL,0
"17.359,00","84,00","9,00",3,"15,68","-93,21",ESCUELA PRIMARIA FEDERAL FORD NO. 68,2A. SUR OTE S/N
"20.088,00","84,00","9,00",3,"15,68","-93,21",CASA EJIDAL,EJIDO COAPA
"20.088,00","84,00","9,00",3,"15,68","-93,21",ESC. DR. RODULFO FIGUEROA,EJIDO COAPA ECHEGARAY
"20.040,00","36,00","3,00",3,"17,09","-93,21",DIF MUNICIPAL,1RA AVENIDA SUR ORIENTE
"20.040,00","36,00","3,00",3,"17,09","-93,21",AUDITORIO MUNICIPAL,AV. 2DA NORTE OTE ENTRE CALLE TEJERIA NORTE Y 1RA PTE NTE
"20.027,00","23,00","6,00",3,"16,65","-93,21",AUDITORIO MUNICIPAL,AV SEXTA NTE OTE BODEGA CAFÉ CALIFORNIA Y RANCHERIA SAN FRANCISCO
"12.944,00","84,00","9,00",3,"15,68","-93,21",CASA EJIDAL,EJIDO LAS BRISAS
"12.123,00","84,00","9,00",3,"15,69","-93,21",ESC. TELESECUNDARIA,C. CARMELINO VILLATORO REYES.
"17.388,00","84,00","9,00",3,"15,68","-93,21","ESC, SEC TECNICA No 17","7ª. AV, SUR ENTRE 3ª. Y 5ª. OTE."
"20.142,00","20.138,00","3,00",2,"17,10","-93,21",Asociación Ganadera Local,Cabecera Municipal
"20.088,00","84,00","9,00",3,"15,68","-93,21",DIF MUNICIPAL,2ª AVENIDAD SUR OTE. S/N ___
"20.088,00","84,00","9,00",3,"15,68","-93,21",ESC. PRIMARIA FRANCISCO SARABIA,EJIDO SALTO DE AGUA
"9.293,00","84,00","9,00",3,"15,68","-93,21",ESC. JOSE EMILIO GRAJALES,MILENIO SANTA CRUZ
"12.097,00","84,00","9,00",3,"15,68","-93,21",ESC. CASA EJIDAL,EJIDO EL FORTIN
"20.088,00","84,00","9,00",3,"15,69","-93,21",ALBERGUE MUNICIPAL,3A.NORTE S/N
"20.088,00","84,00","9,00",2,"15,68","-93,21",JARDIN DE NIÑOS PONCIANO,Rancheria el Topón
"18.510,00","84,00","9,00",3,"15,69","-93,21",ESC. PRIMARIA FEDERAL FORD No. 52,"CALLE CENTRAL, ENTRE 6ª.Y 7ª. AVENIDA SUR PTE"
"20.088,00","84,00","9,00",3,"15,69","-93,20",ESC. PRIMARIA ROSARIO CASTELLANOS,DOMICILIO CONOCIDO
"2.033,00","84,00","9,00",3,"15,68","-93,20",ESC. MÉXICO LIBRE,COL. CENTRO
"11.933,00","84,00","9,00",3,"15,68","-93,20",ESC. TELESECUNDARIA,EJIDO LAZARO CARDENAS
"20.088,00","84,00","9,00",3,"15,69","-93,20",ESC. TELESECUNDARIA,:EJIDO LAS BRISAS
"20.040,00","36,00","3,00",2,"17,10","-93,20",Auditorio Municipal,Col. Centro.
"20.142,00","20.138,00","3,00",2,"17,10","-93,20",Agropecuaria de Malpaso,Cabecera Municipal
"12.123,00","84,00","9,00",3,"15,68","-93,20",ESC. PRIMARIA ERACLIO ZEPEDA,EJIDO LA CONQUISTA
"1.200,00","23,00","6,00",3,"16,47","-93,20",CASA EJIDAL,DOMICILIO CONOCIDO S/N EJIDO NUEVA PALESTINA
"20.119,00","115,00","1,00",2,"16,78","-93,19",INSTALACIONES DE LA FERIA CHIAPAS,LUGAR DE LA FERIA CHIAPAS
"228,00","94,00","3,00",3,"16,81","-93,19",DR. BELISARIO DOMINGUEZ,1A PTE Y 1A Y 2DA NORTE CENTRO
"228,00","94,00","3,00",3,"16,81","-93,19",CASA EJIDAL,1A PTE NTE AV CENTRAL CENTRO
"228,00","94,00","3,00",3,"16,81","-93,19",AUDITORIO MUNICIPAL,"1A PTE,1A Y 2DA NORTE CENTRO"
"228,00","94,00","3,00",3,"16,81","-93,19",CECYT 01 SAN FERNANDO,"1A PONIENTE CENTRO, CALZADA ESCOLAR"
"1.136,00","23,00","6,00",3,"16,47","-93,19",CASA EJIDAL,"DOMICILIO CONOCIDO FRENTE AL PARQUE CENTRAL, S/N COL. EJIDO NUEVA INDEPENDENCIA"
"1.667,00","63,00","8,00",2,"17,61","-93,18",comunidad paraiso,cacino municipal
"13.248,00","23,00","6,00",3,"16,66","-93,18",CASA EJIDAL,"DOMICILIO CONOCIDO , NUEVO EJIDO JERUSALEN"
"20.081,00","77,00","8,00",3,"17,61","-93,18",GANADERA LOCAL,"COL. CENTRO, CALLE MIGUEL ALEMAN S/N, ENTRE CALLE AV. FRANCISCO I. MADERO"
"3.785,00","47,00","10,00",3,"16,91","-93,18",ESC. PRIM. SAMUEL LEON BRINDIS,GUERRERO SUR S/N. COL. CENTRO
"20.081,00","77,00","8,00",3,"17,61","-93,18",ESCUELA PRIMARIA FEDERAL DR. BELISARIO DOMINGUEZ,MIGUEL ALEMAN
"20.081,00","77,00","8,00",3,"17,61","-93,18",ESCUELA SECUNDARIA TECNICA NO. 52,BLVD. BENITO JUAREZ
"20.067,00","63,00","8,00",3,"17,61","-93,18",CENTRO SOCIAL,BENITO JUAREZ COL. CENTRO
"2.460,00","63,00","8,00",3,"17,61","-93,18",ESC. PRIM. VENUSTIANO CARRANZA,"EJIDO SANTA CRUZ, CALLE PRINCIPAL"
"20.119,00","115,00","1,00",4,"16,76","-93,18",C.D.C. PLAN DE AYALA,"Calle Guerrero No. 18, Colonia Plan de Ayala"
"20.081,00","77,00","8,00",3,"17,61","-93,18",GANADERA LOCAL,C. MIGUEL ALEMÁN Y AV. DR. BELISARIO DOMINGUEZ
"20.067,00","63,00","8,00",3,"17,61","-93,18",CASA HOGAR DE ANCIANOS,"COL. CENTRO, CARRETERA AL COBACH ENTRE CALLES INDEPENDENCIA Y CARRETERA A PICHUCALCO"
"20.081,00","77,00","8,00",2,"17,61","-93,18",COBACH PLANTEL 203 NUEVO XOCHIMILCO,NO APLICA
"20.067,00","63,00","8,00",3,"17,61","-93,18",CENTRO PARROQUIAL,"COL. CENTRO, CALLE CERRADA ENTRE CALLE REFORMA S/N"
"20.087,00","83,00","8,00",3,"17,86","-93,18",DIF MUNICIPAL,"COL. LAS RANAS , CALLE PIPILA, ENTRE CALLE TARACENA Y ALDAMA"
"251,00","115,00","1,00",2,"16,72","-93,17",INSTITUTO DE PROTECCION CIVIL,CARRETERA EMILIANO ZAPATA KIL.1.9
"20.081,00","77,00","8,00",3,"17,61","-93,17",ESCUELA PRIMARIA FEDERAL DR. BELISARIO DOMINGUEZ (ANEXO),HIDALGO
"6.369,00","23,00","6,00",3,"16,48","-93,17",CASA EJIDAL,DOMICILIO CONOCIDO S/N COL.SIETE DE OCTUBRE
"20.079,00","75,00","3,00",3,"17,23","-93,16",ALBERGUE ESCOLAR,CALLE HIDALGO
"20.093,00","89,00","8,00",3,"17,87","-93,16",SECUND. BICENTENARIO DE LA REVOLUCION,"BOULEVARD PEÑA NIETO ENTRE AV. PROLONGACION VENEZUELA, COLONIA CENTRO"
"20.037,00","33,00","3,00",3,"17,13","-93,16",CASA EJIDAL,3º CALLE PONIENTE ENTRE AV CENTRAL 3ºPTE
"20.037,00","33,00","3,00",3,"17,13","-93,16",IGLESIA,CALLE CENTRAL ENTRE AVENIDA CENTRAL
"20.037,00","33,00","3,00",3,"17,13","-93,16",COMISARIA EJIDAL,AVENIDA CENTRAL ENTRE 3RA ORIENTE Y 1RA NORTE
"20.027,00","23,00","6,00",3,"16,53","-93,16",CASA EJIDAL,CONOCIDO S/N
"1.456,00","89,00","8,00",3,"17,86","-93,15",ESCUELA PRIMARIA DR BELISARIO DOMINGUEZ,"RANCHERIA SAN MIGUEL 2DA. SECCION, CAMINO PRINCIPAL"
"952,00","89,00","8,00",NULL,"17,86","-93,15",PRIMARIA JOSE MARIA MORELOS Y PAVON,"RANCHERIA MACAYO 1RA. SECCION, CAMINO PRINCIPAL"
"952,00","89,00","8,00",3,"17,86","-93,15",PRIMARIA JOSE MARIA MORELOS Y PAVON,"RANCHERIA MACAYO 1RA. SECCION, CAMINO PRINCIPAL"
"1.456,00","89,00","8,00",3,"17,86","-93,15",CASA DE SALUD,"RANCHERIA SAN MIGUEL 2DA. SECCION, CAMINO PRINCIPAL"
"1.388,00","89,00","8,00",3,"17,86","-93,15",IGLESIA SAN JOSE,"RANCHERIA SAN MIGUEL 1RA. SECCION, CAMINO PRINCIPAL"
"750,00","63,00","8,00",3,"17,61","-93,15",ESCUELA PRIMARIA JUSTO SIERRA,RIA. GALEANA 1A. SECCION
"20.093,00","89,00","8,00",3,"17,86","-93,15",SECUNDARIA TECNICA No- 93,"COL. BUENA VISTA ZONA 5 B., AV. BAJA CALIFORNIA SUR S/N JUSPI"
"1.456,00","89,00","8,00",3,"17,86","-93,15",TELE SECUNDARIA JUAN SABINES GUTIERREZ,"RANCHERIA SAN MIGUEL 2DA. SECCION, CAMINO PRINCIPAL"
"20.093,00","89,00","8,00",3,"17,85","-93,15",CASINO DEL PUEBLO LAZARO CARDENAS,"COLONIA CENTRO CALLE BICENTENARIO, FRENTE AL PARQUE 13 DE MAYO"
"1.811,00","89,00","8,00",3,"17,86","-93,15",PRIMARIA GREGORIO TORRES QUINTERO,"RANCHERIA PASCACIO GAMBOA, CAMINO PRINCIPAL"
"1.826,00","33,00","3,00",2,"17,13","-93,15",ESC PRIM BILINGÜE DR MANUEL GAMIO,COL. UNION PORTES GIL 03/11/11
"20.093,00","89,00","8,00",3,"17,87","-93,15",AUDITORIO MUNICIPAL,"COL. GPE. VICTORIA, CARRETERA JUSPI ZONA 7, ENTRE CALLE GPE. Y CARRET. JUSPI"
"1.684,00","101,00","1,00",NULL,"16,54","-93,15",Reutilizar,CONOCIDO
"1.684,00","101,00","1,00",NULL,"16,54","-93,15",Reutilizar,CONOCIDO
"1.684,00","101,00","1,00",NULL,"16,54","-93,15",CASA EJIDAL,CONOCIDO
"624,00","23,00","6,00",3,"16,49","-93,14",CASA EJIDAL,DOMICILIO CONOCIDO S/N COL.EJIDO FRANCISCO I MADERO
"1.074,00","89,00","8,00",3,"17,87","-93,14",PRIMARIA 10 DE MAYO,"RANCHERIA MACAYO 3RA. SECCION, CAMINO PRINCIPAL"
"1.648,00","89,00","8,00",2,"17,87","-93,14",GANADERA LOCAL,NO DISPONIBLE
"20.093,00","89,00","8,00",3,"17,87","-93,14",PRIMARIA JOSEFA ORTIZ DE DOMINGUEZ,"COLONIA EL CARMEN, CAMINO PRINCIPAL"
"1.130,00","89,00","8,00",3,"17,87","-93,14",PRIMARIA ADOLFO LOPEZ MATEOS,"RANCHERIA MACAYO 4TA. SECCION, CAMINO PRINCIPAL"
"1.130,00","89,00","8,00",2,"17,87","-93,14",ESC PRIMARIA BELISARIO DOMINGUEZ,NO DISPONIBLE
"7.142,00","23,00","6,00",3,"16,54","-93,14",CASA EJIDAL,DOMICILIO CONOCIDO S/N COL SANTA RITA
"2.061,00","89,00","8,00",3,"17,87","-93,14",PRIMARIA RECARDO FLORES MAGON,"RANCHERIA EJIDO LIMONCITO, CAMINO PRINCIPAL"
"380,00","89,00","8,00",2,"17,87","-93,14",IGLESIA PENTECOSTES,NO DISPONIBLE
"1.011,00","89,00","8,00",3,"17,87","-93,14",PRIMARIA 5 DE MAYO,"RANCHERIA MACAYO 2DA. SECCION, CAMINO PRINCIPAL"
"1.630,00","101,00","1,00",3,"16,63","-93,13",CASA EJIDAL,PARQUE CENTRAL 1 SUR Y CALLE CENTRAL
"20.044,00","40,00","8,00",3,"17,34","-93,13",CASA EJIDAL,"COL. CENTRO, CALLE CENTRAL S/N ENTRE CALLE CARRANZA"
"20.044,00","40,00","8,00",3,"17,34","-93,13",CASA GANADERA,"COL. CENTRO, CALLE CENTRAL S/N"
"164,00","40,00","8,00",3,"17,34","-93,13",ESCUELA FEDERAL EMILIANO ZAPATA,"COL. CENTRO, CALLE 1A AV. NORTE"
"20.044,00","40,00","8,00",3,"17,34","-93,13",ALBERGUE ESCOLAR,"AV. NORTE N° 1, ENTRE CALLE RAYON"
"20.087,00","83,00","8,00",2,"17,51","-93,13",Cancha de la Rancheria Juan Aldama,Rancheria Juan Aldama
"2.271,00","43,00","4,00",4,"16,78","-93,13",REFUGIO,CONOCIDO
"20.087,00","83,00","8,00",2,"17,51","-93,13",COBACH PLANTEL 248 IGNACIO ZARAGOZA BAJO,NO DISPONIBLE
"164,00","40,00","8,00",3,"17,34","-93,12",DOMO MUNICIPAL,"COL. CENTRO, ENTRE EL PARQUE CENTRAL"
"20.087,00","83,00","8,00",2,"17,51","-93,12",CENTRO SOCIAL DR. ANDRÉS SERRA ROJAS,PONCIANO ROJAS
"20.119,00","115,00","1,00",3,"16,75","-93,12",C.D.C. CRUZ CON CASITAS,Av. Vertedor SN Es.Calle Chicoasen Col.Cruz con Casitas
"20.087,00","83,00","8,00",3,"17,51","-93,11",ADITORIO JORGE CAMACHO VIDAL,"FRAC. SANTO DOMINO, BOULEVARD BICENTENARIO , ENTRADA AL FRACCIONAMIENTO STO. DOMINGO"
"20.119,00","115,00","1,00",3,"16,76","-93,11",CASA DEL ABUELO,"CALLE LOS COCOS S/N, MANZANA 42"
"20.087,00","83,00","8,00",2,"17,51","-93,11",COBACH PLANTEL 247 NUEVA NICAPA,NO DISPONIBLE
"20.119,00","115,00","1,00",2,"16,75","-93,11",SEDECO,COL BIENESTAR SOCAL
"20.087,00","83,00","8,00",2,"17,51","-93,11",ES. PREPARATORIA 14 DE SEPTIEMBRE,C. CÉSAR A. LARA
"20.087,00","83,00","8,00",2,"17,51","-93,11",JARDIN DE NIÑOS AMALIA DEL CASTILLO LEON,NO DISPONIBLE
"20.087,00","83,00","8,00",2,"17,51","-93,11","IGLESIA SAN ANDRES,",NO DISPONIBLE
"20.087,00","83,00","8,00",3,"17,50","-93,11",CASINO ANDRES SERRA ROJAS,"COL. EL MIRADOR, CALLE CESAR A. LARA"
"20.031,00","27,00","1,00",2,"16,75","-93,11",CASA EJIDAL,CALLE CENTRAL SUR S/N
"20.119,00","115,00","1,00",3,"16,76","-93,11",CASA DE TRANSITO,13a. Norte Oriente No.133 Esq. Laguna Esmeralda Fracc. Montebello
"20.048,00","44,00","3,00",3,"16,97","-93,11",CASA EJIDAL,CALLE CENTRAL FRENTE AL PARQUE CENTRAL
"2.596,00","83,00","8,00",2,"17,52","-93,11",Iglesia Catolica,ejido Nueva Nicapa
"20.048,00","44,00","3,00",2,"16,97","-93,11",ESCUELA SECUNDARIA FEDERAL,CALLE 15 DE AGOSTO
"709,00","105,00","7,00",2,"17,19","-93,11",caplilla san agustin,comunidad san agustin
"20.119,00","115,00","1,00",2,"16,74","-93,11",desplazados por asuntos religiosos,albergue del pastor josue
"20.119,00","115,00","1,00",4,"16,77","-93,10",C.D.C. SAN PEDRO PROGRESIVO,"Av. Chichonal, esquina calle Cañón del Sumidero S/N Colonia San Pedro Progresivo"
"20.109,00","105,00","7,00",3,"17,19","-93,10",Casa Ejidal,BARRIO SAN SEBASTIÁN
"20.109,00","105,00","7,00",3,"17,19","-93,10",Albergue Escolar Niños Heroes,Domicilio Conocido Barrio Centro
"2.596,00","83,00","8,00",2,"17,51","-93,10",capilla,ejido nueva nicapa
"20.062,00","58,00","8,00",2,"17,43","-93,10",CASA DE LA CULTURA,NO DISPONIBLE
"1.745,00","23,00","6,00",3,"16,41","-93,10",CASA EJIDAL,DOMICILIO CONOCIDO S/N EJIDO SALVADOR URBINA
"20.105,00","101,00","1,00",3,"16,63","-93,10",AUDITORIO,CARRETERA TUXTLA GUTIERREZ
"20.062,00","58,00","8,00",2,"17,43","-93,10",Escuela Secundaria del Estado,NO DISPONIBLE
"20.109,00","105,00","7,00",3,"17,19","-93,10",Auditorio Municipal,Domicilio Conocido
"20.062,00","58,00","8,00",2,"17,43","-93,10",Escuela Primaria del Estado,NO DISPONIBLE
"20.258,00","115,00","1,00",3,"16,79","-93,10",CEDECO LAS GRANJAS,"AV. COAHUILA MZ. 55, LT. 119 CALLE YUCATAN, CALLE TABASCO"
"20.062,00","58,00","8,00",3,"17,43","-93,10",CASA EJIDAL,"COL. CENTRO, CALLE CONSTITUCION ESQ. MIGUEL HIDALGO"
"20.062,00","58,00","8,00",3,"17,43","-93,10",SECUNDARIA LIC. QUERIDO A. MOHENO,"COL. CENTRO, CALLE MIGUEL HIDALGO, ENTRE CALLE CONSTITUCION"
"186,00","58,00","8,00",2,"17,43","-93,10",AUDITORIO MUNICIPAL,CAB. MUNICIPAL
"20.291,00","115,00","1,00",3,"16,74","-93,10",CEDECO BIENESTAR SOCIAL,AV. HIDALGO Y 15 DE MAYO CALLE JOSE MARIA MORELOS Y CALLE PINO SUAREZ
"20.119,00","115,00","1,00",3,"16,78","-93,10",C.D.C.CAPULINES,Calle 2 y Av. 4 Col.CaPulines I
"5.933,00","23,00","6,00",3,"16,16","-93,09",Casa ejidal,"EJIDO LA PAZ,ANGEL ALBINO CORZO"
"20.062,00","58,00","8,00",3,"17,43","-93,09",COBACH PLANTEL 56 IXTACOMITAN,"COL. CENTRO, CALLE LAS FLORES ENTRE CALLE UNIDAD DEPORTIVA"
"20.105,00","101,00","1,00",3,"16,62","-93,09",AUDITORIO MUNICIPAL,CARRETERA SUCHIAPA VILLAFLORES
"20.062,00","58,00","8,00",2,"17,43","-93,09",PRIMARIA ESCUELA DR. BELISARIO DOMINGUEZ,NO DISPONIBLE
"20.105,00","101,00","1,00",3,"16,62","-93,09",CASA EJIDAL,Calle central y Avenida Central Barrio san Esteban
"162,00","0,00","0,00",NULL,"16,63","-93,09",OTRO UNO,AV CENTRAL ORIENTE
"20.082,00","78,00","3,00",3,"16,94","-93,09",DIF MUNICIPAL,PERIFERICO NORTE ENTRE 16 DE SEPTIEMBRE Y JOSE MARIA MORELOS Y PAVON
"20.105,00","101,00","1,00",3,"16,62","-93,09",DOMO DE LA IGLESIA CATOLICA,2AV. SUR PONIENTE
"1.667,00","63,00","8,00",2,"17,24","-93,07",Casino,Col. El Paraiso
"20.119,00","115,00","1,00",2,"16,73","-93,07",Esc. Primaria Cesar Cruz Soto,Av. Nandayapa y Calle Crisantemos Col. 6 de Junio
"20.053,00","49,00","11,00",2,"16,75","-93,07",Comisaria Ejidal,Com. Miguel Gutierrez
"821,00","23,00","6,00",3,"16,34","-93,07",CASA EJIDAL,DOMICILIO CONOCIDO S/N EJIDO LIBERTAD EL PAJAL
"20.107,00","103,00","8,00",3,"17,53","-93,06",PLAZA COMUNITARIA,"COLONIA EL MIRADOR, CENTRO."
"20.144,00","20.140,00","4,00",3,"16,59","-93,06",CASA EJIDAL,AV. PLUTARCO ELIAS CALLES ENTRE CALLE CHICHONAL Y ABSALON CASTELLANOS
"20.144,00","20.140,00","4,00",3,"16,59","-93,05",kINDER,CARRETERA INTERNACIONAL
"20.144,00","20.140,00","4,00",3,"16,59","-93,05",CASA EJIDAL COL. JAVIER LOPEZ MORENO,"COL. JAVIER LOPEZ MORENO, CONOCIDO."
"20.144,00","20.140,00","4,00",3,"16,59","-93,05",ESC. PRIM.,"RANCHO CRUZ CHIQUITA, CONOCIDO"
"20.086,00","82,00","7,00",3,"17,19","-93,05",AUDITORIO MUNICIPAL,Pantepec Chiapas
"20.086,00","82,00","7,00",3,"17,19","-93,04",Casa del Refugio,Loc. San Isidro Las Banderas
"20.103,00","99,00","8,00",3,"17,43","-93,03",Auditorio Municipal,CALLE FRANCISCO I MADERO FTE. A LA CALLE CONSTITUCION COL. CENTRO
"20.107,00","103,00","8,00",3,"17,43","-93,03",AUDITORIO MUNICIPAL,"SALIDA A CUCAYO Y SAN PEDRO, CENTRO"
"20.103,00","99,00","8,00",3,"17,43","-93,03",DIF MUNICIPAL,"CALLE FRANCISCO IMADERO, ENTRE CALLE FRANCISCO I. Y CONSTITUCION."
"20.103,00","99,00","8,00",3,"17,43","-93,03",Auditorio Ganadero,"CALLE VENUZTIANO CARRANZA, ENTRE VENUZTIANO CARRANZA Y BENITO JUAREZ, CENTRO"
"4.147,00","99,00","8,00",2,"17,45","-93,03",Esc. Prep. Telebach No.41,Cabecera Municipal
"12.827,00","23,00","6,00",3,"16,07","-93,03",CASA EJIDAL,"DOMICILIO CONOCIDO,EJIDO NUEVO PROGRESO"
"20.103,00","99,00","8,00",2,"17,43","-93,03",Esc.Prim.Lic.Romulo Calzada,Cabecera Municipal
"3.444,00","42,00","1,00",3,"16,64","-93,02",ESC PRIM FRAL NIÑO ARTILLERO,COLONIA NARCISO MENDOZA
"20.046,00","42,00","1,00",3,"16,71","-93,02",AUDITORIO MUNICIPAL ( UNIDAD DEPORTIVA ),CABECERA MUNICIPAL AVENIDA CAPITAN VICENTE LOPEZ BARRIO SAN JACINTO
"434,00","99,00","8,00",2,"17,44","-93,02",Casa Ejidal,Poblado el Beneficio
"20.110,00","106,00","7,00",3,"17,25","-93,02",Dif Municipal,Zona de los Rios
"20.110,00","106,00","7,00",3,"17,25","-93,02",AUDITORIO MUNICIPAL,Calle Central Sur
"20.110,00","106,00","7,00",3,"17,25","-93,02",Salon Ganadero,Primera Ote Sur
"3.269,00","99,00","8,00",3,"17,32","-93,02",IGLESIA ADVENTISTA,"COLONIA EL NARANJO, RAN EL NARANJO, CALLE PRINCIPAL"
"20.110,00","106,00","7,00",2,"17,25","-93,02",Oficinas de Protección Civil,Carreterra Barrio Guadalupe
"20.061,00","57,00","8,00",3,"17,29","-93,01",SALON EJIDAL,"COL. CENTRO, CALLE 1A SUR ORIENTE ENTRE LAS CALLES 1A Y 2A AV. ORIENTE"
"20.046,00","42,00","1,00",3,"16,71","-93,01",SALON DE USOS MULTIPLES,COLONIA SALVADOR URBINA AV. SALVDOR URBINA A UN COSTADO DEL PARQUE DE LA COMUNIDAD
"1.021,00","106,00","7,00",2,"17,25","-93,01",Agencia Municipal,comunidad jacona
"20.092,00","88,00","7,00",3,"17,20","-93,01",Albergue Escolar Benito Juarez,C. Cooperativa. Col guayabal
"20.092,00","88,00","7,00",3,"17,20","-93,01",Casa Ejidal,2a Oriente Norte Barr. Santo domingo
"20.092,00","88,00","7,00",3,"17,20","-93,01",Albergue Escolar Niños Heroes,Carretera Rayon-Pantepec
"20.092,00","88,00","7,00",3,"17,20","-93,01",CASINO MUNICIPAL,AVENIDA CENTRAL
"20.092,00","88,00","7,00",3,"17,20","-93,01",Esc.Prim.Ignacio Lopez Rayón,Barrio Santo Domingo
"20.092,00","88,00","7,00",NULL,"17,20","-93,01",Cobach Plantel 75,Carretera Federal Comunidad el Patio
"20.092,00","88,00","7,00",3,"17,20","-93,01",Antioguo albergue niños heroes,carretera federal rayon-pueblo nuevo barrio el patio
"20.147,00","119,00","10,00",3,"16,41","-93,01",ESC. JOSE VASCONCELOS,SANTO DOMINGO
"20.020,00","16,00","10,00",3,"16,70","-93,01",ESC. PRIM. JOSE MARIA MORELOSY PAVON,BARRIO MORELOS III
"20.062,00","58,00","8,00",2,"17,29","-93,01",PRIMARIA CESAR A LARA,NO DISPONIBLE
"20.110,00","106,00","7,00",2,"17,26","-93,01",Casa Ejidal,Cabecera Municipal
"20.061,00","57,00","8,00",2,"17,29","-93,01",SALON DE ACTOS,NO DISPONIBLE
"2.213,00","42,00","1,00",3,"16,69","-93,01",CASA EJIDAL,COLONIA FRANCISCO SARABIA CARRETERA A LA COLONIA IGNACIO ALLENDE ENTRE EL PARQUE DE LA COMUNIDAD
"20.145,00","20.141,00","6,00",3,"16,37","-93,01",instalaciones de la casa ejidal del ejido porvenir jerico,2° oriente norte s/n ejido el porvenir jerico
"3.486,00","42,00","1,00",3,"16,69","-93,01",CASA EJIDAL,COLONIA NICOLAS BRAVO CALLE SIN NOMBR A UN COSTADO DEL PARQUE DE LA COMUNIDAD
"20.064,00","60,00","8,00",3,"17,49","-93,00",ASOCIACION GANDERA LOCAL,AV. MIGUEL HIDALGO S/N
"20.145,00","20.141,00","6,00",3,"16,37","-93,00",instalaciones de la casa ejidal,calle central oriente entre 1° y 2° av. Sur
"334,00","42,00","1,00",3,"16,69","-93,00",ESC SEC AABELARDO DE LA TORRE GRAJALES,COL AMERICA LIBRE
"956,00","99,00","8,00",3,"17,35","-93,00",COMISARIA EJIDAL,CENTRO
"20.046,00","42,00","1,00",3,"16,71","-93,00",DIF MUNICIPAL,CABECERA MUNICIPAL CARRETERA PANAMERICANA KM. 1102 BARRIO BENITO JUAREZ
"4.122,00","42,00","1,00",1,"16,64","-93,00",SALON DE USOS MULTIPLES,AVENIDA SALVADOR URBINA
"20.061,00","57,00","8,00",2,"17,29","-93,00",CEDECO,CEDECO
"20.061,00","57,00","8,00",3,"17,29","-93,00",GANADERA LOCAL,"COL. CENTRO, CALLE CARRETERA FEDERAL"
"20.061,00","57,00","8,00",2,"17,30","-93,00",NO DISPONIBLE,NO DISPONIBLE
"20.061,00","57,00","8,00",2,"17,29","-93,00",COBACH PLANTEL 76 IXHUATAN ANEXO,NO DISPONIBLE
"1.330,00","57,00","8,00",2,"17,30","-93,00",CASA EJIDAL,NO DISPONIBLE
"1.330,00","57,00","8,00",2,"17,30","-93,00",COMISARIA EJIDAL,NO DISPONIBLE
"20.061,00","57,00","8,00",2,"17,30","-93,00",Salón de Usos de la Ganadera Local,Cabecera Municipal
"150,00","20,00","8,00",2,"17,50","-93,00",escuela primaria,reforma y planada
"20.064,00","60,00","8,00",3,"17,49","-93,00",CASA DE USOS MULTIPLES,CARRETERA MIGUEL HIDALGO ENTRE IXTAPANGAJOYA-UNION
"20.064,00","60,00","8,00",2,"17,49","-93,00",Casa de Salud Ejidal,Cabecera Municipal
"20.064,00","60,00","8,00",3,"17,49","-92,99",ES. SEC. FEDERAL JUAN SABINES,C. MIGUEL HIDALGO S/N
"20.064,00","60,00","8,00",2,"17,50","-92,99",Comisaria Ejidal,Cabecera Municipal
"334,00","42,00","1,00",3,"16,61","-92,99",NUCLEO EJIDAL,COLONIA AMERICA LIBRE A UN COSTADO DEL PARQUE DE LA COMUNIDAD Y CARRETERA INTERNACIONAL
"757,00","60,00","8,00",2,"17,50","-92,99",Esc. Primaria Rafael Ramirez,Ejido La Gloria
"3.444,00","42,00","1,00",3,"16,58","-92,99",CASA EJIDAL,COLONIA NARCISO MENDOZA CARRETERA AL PARRAL KM 20
"20.393,00","20.138,00","3,00",3,"17,13","-92,99",DIF MUNICIPAL,EX PARTIDA MILITAR ZONA ICA
"2.782,00","42,00","1,00",3,"16,49","-92,97",CASA EJIDAL,COLONIA JULIAN GRAJALES A UN COSTADO DEL PARQUE DE LA COMUNIDAD
"1.395,00","99,00","8,00",3,"17,36","-92,96",COMISARIA EJIDAL,".EJIDO VILLA FLORES, CALLE CENTRAL"
"20.414,00","20.413,00","7,00",3,"17,21","-92,94",ESCUELA PRIMERIA FEDRAL CINCO DE MAYO,C/s CENTRO MPAL
"20.414,00","20.413,00","7,00",3,"17,21","-92,94",ESCUELA SECUNDARIA NUMERO 118,CALLE PRINCIPAL BARRIO SAN JUAN
"9.339,00","42,00","1,00",3,"16,69","-92,94",SEC JOSE EMILIO GRAJALES,BARRIO CENTRO
"20.104,00","100,00","7,00",3,"16,89","-92,93",Oficinas de Protección Civil,Carretera Chicoasen S/n. Barrio el Pozo
"189,00","23,00","6,00",2,"16,67","-92,92",AUDITORIO MUNICIPAL,CABECERA MUNICIPAL 08/01/13 SIGUEN LAS MISMAS PERSONAS
"20.104,00","100,00","7,00",3,"16,89","-92,92",CASA EJIDAL,Calle Central S/N
"20.104,00","100,00","7,00",3,"16,89","-92,92",ESCUELA PRIMARIA GUILLERMO PRIEGO,CABECERA MUNICIPAL
"20.104,00","100,00","7,00",3,"16,90","-92,92",CASA DE LA CULTURA,Calle Central S/N
"20.104,00","100,00","7,00",3,"16,90","-92,92",CASA EJIDAL COM. FCO. SARABIA,COMUNIDAD FRANCISCO SARABIA
"20.104,00","100,00","7,00",3,"16,89","-92,91",ESCUELA SECUNDARIA FRNACISCO GONZALEZ BOCA NEGRA,NO PROPORCIONO
"20.104,00","100,00","7,00",3,"16,89","-92,91",ESC. PREP. COBACH PLANTEL 19,CABECERA MUNICIPAL
"20.063,00","59,00","7,00",3,"16,81","-92,91",ESC.SEC.TEC. No. 25,cabecera municipal.
"20.063,00","59,00","7,00",3,"16,81","-92,91",AUDITORIO MUNICIPAL.,AV. CENTRAL BARRIO LA CHIAPANECA
"20.032,00","28,00","7,00",3,"17,00","-92,90",Auditorio Municipal Jicara de Grillos.,"Parque Central, Zona Centro."
"20.070,00","66,00","9,00",3,"15,45","-92,90",AUDITORIO MUNICIPAL,"3A CALLE PONIENTE ESQ. 8A NORTE, ENTRE 5A Y 7A PONIENTE"
"20.091,00","87,00","7,00",NULL,"17,16","-92,90",Casa del Pueblo,2a. Sur Poniente
"20.091,00","87,00","7,00",3,"17,16","-92,90",Casa del Pueblo,2a. Sur Poniente
"20.091,00","87,00","7,00",3,"17,15","-92,90",Auditorio Municipal,2 Sur Oriente S/N
"20.063,00","59,00","7,00",3,"16,81","-92,90",CBTA No.211,cabecera municipal.
"20.032,00","28,00","7,00",3,"16,99","-92,90",Jardin de Niños Diego Rivera,1a. Norte Oriente S/N. Col.Centro
"20.144,00","20.140,00","4,00",3,"16,60","-92,90",CASA EJIDAL NUEVA VILLAHERMOSA,"COLONIA NUEVA VILLAHERMOSA, CONOCIDO"
"20.063,00","59,00","7,00",3,"16,80","-92,90",Casa Ejidal,CALLE. CENTRAL
"20.070,00","66,00","9,00",3,"15,45","-92,90",UNICACH,LIBRAMIENTO DE MAPASTEPEC SN BARRIO LUIS DONALDO COLOSIO
"20.070,00","66,00","9,00",3,"15,43","-92,90",IGLESIA GUADALUPANA,4a. Sur Poniente Barrio Centro
"20.032,00","28,00","7,00",3,"17,00","-92,90",Auditorio Municipal Juan Sabines Guerrero,Barrio Heberto Castillo
"20.032,00","28,00","7,00",3,"17,00","-92,89","CENTRO DE REHABILITACION ""UBR""",BARRIO MORELOS
"20.032,00","28,00","7,00",3,"17,00","-92,89",PRESIDENCIA MUNICIPAL,BARRIO CENTRO
